"region","species","yearqua","cpue_year","num_subarea_all_length","mean_prop_subarea","mean_num_subarea"
"Baltic Sea","Clupea harengus",1984,15619.673378205,50,0.968,48.4
"Baltic Sea","Clupea harengus",1985,9368.429533685,52,0.976923076923077,50.8
"Baltic Sea","Clupea harengus",1986,16176.419159573,51,0.976470588235294,49.8
"Baltic Sea","Clupea harengus",1987,10878.887082031,49,0.96734693877551,47.4
"Baltic Sea","Clupea harengus",1988,9468.024792368,46,0.995652173913044,45.8
"Baltic Sea","Clupea harengus",1990,17333.457239072,55,0.996363636363636,54.8
"Baltic Sea","Clupea harengus",1991,27105.863884039,45,0.995555555555556,44.8
"Baltic Sea","Clupea harengus",1992,17567.751690416,43,0.995348837209302,42.8
"Baltic Sea","Clupea harengus",1993,7288.912376552,12,0.95,11.4
"Baltic Sea","Clupea harengus",1994,26224.001605861,52,1,52
"Baltic Sea","Clupea harengus",1995,12681.984934391,42,0.980952380952381,41.2
"Baltic Sea","Clupea harengus",1996,18046.292958459,50,0.98,49
"Baltic Sea","Clupea harengus",1997,7543.115411684,31,1,31
"Baltic Sea","Clupea harengus",1998,10577.361946108,51,0.972549019607843,49.6
"Baltic Sea","Clupea harengus",1999,10870.589093314,59,0.983050847457627,58
"Baltic Sea","Clupea harengus",2000,17531.67079535,56,0.985714285714286,55.2
"Baltic Sea","Clupea harengus",2001,11320.293347089,57,0.992982456140351,56.6
"Baltic Sea","Clupea harengus",2002,14513.163117628,54,0.985185185185185,53.2
"Baltic Sea","Clupea harengus",2003,24631.959634003,55,0.989090909090909,54.4
"Baltic Sea","Clupea harengus",2004,15747.283635268,56,1,56
"Baltic Sea","Clupea harengus",2005,20103.842507812,56,0.992857142857143,55.6
"Baltic Sea","Clupea harengus",2006,26535.203575369,55,0.985454545454545,54.2
"Baltic Sea","Clupea harengus",2007,19672.830520798,60,1,60
"Baltic Sea","Clupea harengus",2008,20213.26684587,61,1,61
"Baltic Sea","Clupea harengus",2009,19721.762750926,61,0.99016393442623,60.4
"Baltic Sea","Clupea harengus",2010,18684.781574615,61,1,61
"Baltic Sea","Clupea harengus",2011,25184.679175863,60,0.973333333333333,58.4
"Baltic Sea","Clupea harengus",2012,29165.011536939,60,0.99,59.4
"Baltic Sea","Clupea harengus",2013,21754.521648166,60,0.993333333333333,59.6
"Baltic Sea","Clupea harengus",2014,38799.401665952,59,0.996610169491525,58.8
"Baltic Sea","Clupea harengus",2015,43347.992660786,56,0.989285714285714,55.4
"Baltic Sea","Clupea harengus",2016,29132.782988073,60,0.98,58.8
"Baltic Sea","Clupea harengus",2017,22291.290407857,58,1,58
"Baltic Sea","Clupea harengus",2018,30811.85142401,59,0.986440677966102,58.2
"Baltic Sea","Clupea harengus",2019,24662.057478017,61,0.99016393442623,60.4
"Baltic Sea","Sprattus sp",1984,18360.512444684,51,0.909803921568627,46.4
"Baltic Sea","Sprattus sp",1985,10618.309149536,46,0.882608695652174,40.6
"Baltic Sea","Sprattus sp",1986,8178.999067116,39,0.861538461538462,33.6
"Baltic Sea","Sprattus sp",1987,11078.564235904,49,0.873469387755102,42.8
"Baltic Sea","Sprattus sp",1988,8296.654058054,45,0.991111111111111,44.6
"Baltic Sea","Sprattus sp",1990,19114.229631814,55,0.930909090909091,51.2
"Baltic Sea","Sprattus sp",1991,75353.568245317,45,0.951111111111111,42.8
"Baltic Sea","Sprattus sp",1992,60257.230798687,43,0.981395348837209,42.2
"Baltic Sea","Sprattus sp",1993,25769.073491157,10,1,10
"Baltic Sea","Sprattus sp",1994,84362.609942982,52,0.980769230769231,51
"Baltic Sea","Sprattus sp",1995,117629.116383081,42,1,42
"Baltic Sea","Sprattus sp",1996,116273.371818686,50,0.972,48.6
"Baltic Sea","Sprattus sp",1997,77476.23463734,31,1,31
"Baltic Sea","Sprattus sp",1998,96000.915025618,51,0.980392156862745,50
"Baltic Sea","Sprattus sp",1999,103248.529196303,59,0.969491525423729,57.2
"Baltic Sea","Sprattus sp",2000,72265.657783879,56,0.989285714285714,55.4
"Baltic Sea","Sprattus sp",2001,50440.760282849,57,0.996491228070175,56.8
"Baltic Sea","Sprattus sp",2002,81173.931713344,55,0.992727272727273,54.6
"Baltic Sea","Sprattus sp",2003,146242.386414343,55,1,55
"Baltic Sea","Sprattus sp",2004,85923.314340901,56,0.978571428571429,54.8
"Baltic Sea","Sprattus sp",2005,98861.454238118,56,0.982142857142857,55
"Baltic Sea","Sprattus sp",2006,105096.094909123,56,1,56
"Baltic Sea","Sprattus sp",2007,62070.756676458,60,1,60
"Baltic Sea","Sprattus sp",2008,111414.079600084,59,1,59
"Baltic Sea","Sprattus sp",2009,72731.810113626,61,1,61
"Baltic Sea","Sprattus sp",2010,50322.092130295,60,0.993333333333333,59.6
"Baltic Sea","Sprattus sp",2011,66071.891425151,61,0.99344262295082,60.6
"Baltic Sea","Sprattus sp",2012,55749.793500416,60,0.993333333333333,59.6
"Baltic Sea","Sprattus sp",2013,35672.231500511,55,1,55
"Baltic Sea","Sprattus sp",2014,89328.119551427,59,0.979661016949153,57.8
"Baltic Sea","Sprattus sp",2015,90202.870257903,57,0.978947368421053,55.8
"Baltic Sea","Sprattus sp",2016,70559.412299395,60,0.996666666666667,59.8
"Baltic Sea","Sprattus sp",2017,112973.803754193,59,0.993220338983051,58.6
"Baltic Sea","Sprattus sp",2018,56747.245442601,60,1,60
"Baltic Sea","Sprattus sp",2019,82489.293809771,61,0.99016393442623,60.4
"Eastern Bering Sea","Atheresthes stomias",1982,238.061779269006,28,0.764285714285714,21.4
"Eastern Bering Sea","Atheresthes stomias",1983,513.931318328951,44,0.727272727272727,32
"Eastern Bering Sea","Atheresthes stomias",1984,641.631323194358,46,0.730434782608696,33.6
"Eastern Bering Sea","Atheresthes stomias",1985,482.2764010518,58,0.679310344827586,39.4
"Eastern Bering Sea","Atheresthes stomias",1986,843.538003814063,70,0.685714285714286,48
"Eastern Bering Sea","Atheresthes stomias",1987,971.427339660491,70,0.771428571428571,54
"Eastern Bering Sea","Atheresthes stomias",1988,1201.16443880893,64,0.725,46.4
"Eastern Bering Sea","Atheresthes stomias",1989,1521.84306342501,80,0.71,56.8
"Eastern Bering Sea","Atheresthes stomias",1990,1253.69783946008,70,0.711428571428571,49.8
"Eastern Bering Sea","Atheresthes stomias",1991,930.043381881996,68,0.673529411764706,45.8
"Eastern Bering Sea","Atheresthes stomias",1992,959.475235496092,57,0.726315789473684,41.4
"Eastern Bering Sea","Atheresthes stomias",1993,1214.34522461893,81,0.723456790123457,58.6
"Eastern Bering Sea","Atheresthes stomias",1994,1320.33228770141,70,0.782857142857143,54.8
"Eastern Bering Sea","Atheresthes stomias",1995,1212.41672613542,64,0.765625,49
"Eastern Bering Sea","Atheresthes stomias",1996,1082.77370580168,82,0.729268292682927,59.8
"Eastern Bering Sea","Atheresthes stomias",1997,975.99502238237,65,0.756923076923077,49.2
"Eastern Bering Sea","Atheresthes stomias",1998,854.180796011289,76,0.776315789473684,59
"Eastern Bering Sea","Atheresthes stomias",1999,681.91353579686,56,0.739285714285714,41.4
"Eastern Bering Sea","Atheresthes stomias",2000,875.366853819686,69,0.788405797101449,54.4
"Eastern Bering Sea","Atheresthes stomias",2001,1091.27710636318,83,0.775903614457831,64.4
"Eastern Bering Sea","Atheresthes stomias",2002,967.989196375659,82,0.714634146341463,58.6
"Eastern Bering Sea","Atheresthes stomias",2003,1496.41212673079,101,0.766336633663366,77.4
"Eastern Bering Sea","Atheresthes stomias",2004,1780.39068823599,103,0.774757281553398,79.8
"Eastern Bering Sea","Atheresthes stomias",2005,2184.17965091574,116,0.794827586206897,92.2
"Eastern Bering Sea","Atheresthes stomias",2006,1710.5092888607,87,0.779310344827586,67.8
"Eastern Bering Sea","Atheresthes stomias",2007,1590.78151181075,76,0.776315789473684,59
"Eastern Bering Sea","Atheresthes stomias",2008,1644.83517356224,89,0.761797752808989,67.8
"Eastern Bering Sea","Atheresthes stomias",2009,1269.20785400617,72,0.738888888888889,53.2
"Eastern Bering Sea","Atheresthes stomias",2010,1574.22573235533,77,0.805194805194805,62
"Eastern Bering Sea","Atheresthes stomias",2011,1399.47123846143,95,0.76,72.2
"Eastern Bering Sea","Atheresthes stomias",2012,1247.82945847055,72,0.791666666666667,57
"Eastern Bering Sea","Atheresthes stomias",2013,980.667115282863,73,0.778082191780822,56.8
"Eastern Bering Sea","Atheresthes stomias",2014,1230.73789229361,95,0.68,64.6
"Eastern Bering Sea","Atheresthes stomias",2015,1003.76983262966,88,0.740909090909091,65.2
"Eastern Bering Sea","Atheresthes stomias",2016,1324.43051627495,117,0.806837606837607,94.4
"Eastern Bering Sea","Atheresthes stomias",2017,1135.16076789734,95,0.745263157894737,70.8
"Eastern Bering Sea","Atheresthes stomias",2018,1542.62668747823,139,0.785611510791367,109.2
"Eastern Bering Sea","Atheresthes stomias",2019,1469.7886847083,129,0.748837209302326,96.6
"Eastern Bering Sea","Gadus chalcogrammus",1982,10233.4489505092,133,0.781954887218045,104
"Eastern Bering Sea","Gadus chalcogrammus",1983,18345.1000386858,147,0.738775510204082,108.6
"Eastern Bering Sea","Gadus chalcogrammus",1984,8152.50111927164,142,0.630985915492958,89.6
"Eastern Bering Sea","Gadus chalcogrammus",1985,15211.0587853763,151,0.672847682119205,101.6
"Eastern Bering Sea","Gadus chalcogrammus",1986,11536.8038434947,150,0.689333333333333,103.4
"Eastern Bering Sea","Gadus chalcogrammus",1987,8983.70190653582,143,0.697902097902098,99.8
"Eastern Bering Sea","Gadus chalcogrammus",1988,13670.5945821225,158,0.664556962025316,105
"Eastern Bering Sea","Gadus chalcogrammus",1989,12222.4005358381,156,0.673076923076923,105
"Eastern Bering Sea","Gadus chalcogrammus",1990,13507.1829151532,155,0.669677419354839,103.8
"Eastern Bering Sea","Gadus chalcogrammus",1991,10048.0805669275,162,0.67037037037037,108.6
"Eastern Bering Sea","Gadus chalcogrammus",1992,9113.80548830257,151,0.642384105960265,97
"Eastern Bering Sea","Gadus chalcogrammus",1993,12068.5464037527,160,0.69875,111.8
"Eastern Bering Sea","Gadus chalcogrammus",1994,10899.167011118,164,0.640243902439024,105
"Eastern Bering Sea","Gadus chalcogrammus",1995,12356.9031839842,159,0.623899371069182,99.2
"Eastern Bering Sea","Gadus chalcogrammus",1996,8059.44076344977,160,0.7,112
"Eastern Bering Sea","Gadus chalcogrammus",1997,10126.9760531703,155,0.683870967741935,106
"Eastern Bering Sea","Gadus chalcogrammus",1998,6253.37456315801,158,0.756962025316456,119.6
"Eastern Bering Sea","Gadus chalcogrammus",1999,9168.52616125394,162,0.638271604938272,103.4
"Eastern Bering Sea","Gadus chalcogrammus",2000,10396.7718220415,159,0.660377358490566,105
"Eastern Bering Sea","Gadus chalcogrammus",2001,9726.70242374688,165,0.726060606060606,119.8
"Eastern Bering Sea","Gadus chalcogrammus",2002,9152.64386557561,160,0.70875,113.4
"Eastern Bering Sea","Gadus chalcogrammus",2003,12084.3111986641,157,0.699363057324841,109.8
"Eastern Bering Sea","Gadus chalcogrammus",2004,5971.50354600451,161,0.725465838509317,116.8
"Eastern Bering Sea","Gadus chalcogrammus",2005,7979.24318950657,160,0.68,108.8
"Eastern Bering Sea","Gadus chalcogrammus",2006,5924.73339769938,154,0.635064935064935,97.8
"Eastern Bering Sea","Gadus chalcogrammus",2007,9544.2404784699,153,0.545098039215686,83.4
"Eastern Bering Sea","Gadus chalcogrammus",2008,5100.73480485746,144,0.593055555555556,85.4
"Eastern Bering Sea","Gadus chalcogrammus",2009,5072.38307373586,157,0.523566878980892,82.2
"Eastern Bering Sea","Gadus chalcogrammus",2010,6361.66427560884,138,0.617391304347826,85.2
"Eastern Bering Sea","Gadus chalcogrammus",2011,6917.46665910705,156,0.662820512820513,103.4
"Eastern Bering Sea","Gadus chalcogrammus",2012,8519.16528858059,157,0.648407643312102,101.8
"Eastern Bering Sea","Gadus chalcogrammus",2013,9256.99214095468,160,0.66875,107
"Eastern Bering Sea","Gadus chalcogrammus",2014,13883.611644703,164,0.734146341463415,120.4
"Eastern Bering Sea","Gadus chalcogrammus",2015,11885.6294705861,162,0.797530864197531,129.2
"Eastern Bering Sea","Gadus chalcogrammus",2016,9342.44319343931,161,0.803726708074534,129.4
"Eastern Bering Sea","Gadus chalcogrammus",2017,9648.95933471826,161,0.782608695652174,126
"Eastern Bering Sea","Gadus chalcogrammus",2018,6794.92747235652,164,0.828048780487805,135.8
"Eastern Bering Sea","Gadus chalcogrammus",2019,10037.1369116135,165,0.802424242424242,132.4
"Eastern Bering Sea","Gadus macrocephalus",1982,1096.84382054412,141,0.727659574468085,102.6
"Eastern Bering Sea","Gadus macrocephalus",1983,1432.62629342979,120,0.771666666666667,92.6
"Eastern Bering Sea","Gadus macrocephalus",1984,1164.15628264849,129,0.764341085271318,98.6
"Eastern Bering Sea","Gadus macrocephalus",1985,1547.92598265929,151,0.756291390728477,114.2
"Eastern Bering Sea","Gadus macrocephalus",1986,1455.03561419163,146,0.776712328767123,113.4
"Eastern Bering Sea","Gadus macrocephalus",1987,1470.46273321241,148,0.758108108108108,112.2
"Eastern Bering Sea","Gadus macrocephalus",1988,1247.42187171058,149,0.645637583892617,96.2
"Eastern Bering Sea","Gadus macrocephalus",1989,823.831401086226,132,0.587878787878788,77.6
"Eastern Bering Sea","Gadus macrocephalus",1990,1111.62978060628,145,0.582068965517241,84.4
"Eastern Bering Sea","Gadus macrocephalus",1991,1111.52898865187,152,0.603947368421053,91.8
"Eastern Bering Sea","Gadus macrocephalus",1992,1103.17732950814,146,0.702739726027397,102.6
"Eastern Bering Sea","Gadus macrocephalus",1993,1673.21487368726,156,0.696153846153846,108.6
"Eastern Bering Sea","Gadus macrocephalus",1994,2551.28607227694,158,0.748101265822785,118.2
"Eastern Bering Sea","Gadus macrocephalus",1995,1669.88310947247,152,0.697368421052632,106
"Eastern Bering Sea","Gadus macrocephalus",1996,1275.71745892522,161,0.66832298136646,107.6
"Eastern Bering Sea","Gadus macrocephalus",1997,1109.70046345657,156,0.684615384615385,106.8
"Eastern Bering Sea","Gadus macrocephalus",1998,1063.96599340457,157,0.718471337579618,112.8
"Eastern Bering Sea","Gadus macrocephalus",1999,971.701296277833,148,0.65945945945946,97.6
"Eastern Bering Sea","Gadus macrocephalus",2000,981.592187209747,154,0.675324675324675,104
"Eastern Bering Sea","Gadus macrocephalus",2001,1590.10105587656,164,0.751219512195122,123.2
"Eastern Bering Sea","Gadus macrocephalus",2002,1011.47180894004,161,0.719254658385093,115.8
"Eastern Bering Sea","Gadus macrocephalus",2003,986.823855432252,157,0.736305732484076,115.6
"Eastern Bering Sea","Gadus macrocephalus",2004,819.212519189263,158,0.706329113924051,111.6
"Eastern Bering Sea","Gadus macrocephalus",2005,854.45535404639,158,0.724050632911392,114.4
"Eastern Bering Sea","Gadus macrocephalus",2006,820.106882401584,150,0.702666666666667,105.4
"Eastern Bering Sea","Gadus macrocephalus",2007,1530.13412559487,159,0.69811320754717,111
"Eastern Bering Sea","Gadus macrocephalus",2008,839.800397452381,145,0.702068965517241,101.8
"Eastern Bering Sea","Gadus macrocephalus",2009,1239.15005324111,153,0.674509803921569,103.2
"Eastern Bering Sea","Gadus macrocephalus",2010,1443.99935117613,149,0.711409395973154,106
"Eastern Bering Sea","Gadus macrocephalus",2011,1451.58431245254,159,0.753459119496855,119.8
"Eastern Bering Sea","Gadus macrocephalus",2012,1664.86766629819,156,0.726923076923077,113.4
"Eastern Bering Sea","Gadus macrocephalus",2013,1197.80544166026,155,0.780645161290323,121
"Eastern Bering Sea","Gadus macrocephalus",2014,1854.12770473791,164,0.768292682926829,126
"Eastern Bering Sea","Gadus macrocephalus",2015,1403.70857585843,157,0.75031847133758,117.8
"Eastern Bering Sea","Gadus macrocephalus",2016,1006.73827319571,163,0.734969325153374,119.8
"Eastern Bering Sea","Gadus macrocephalus",2017,749.450859761118,162,0.732098765432099,118.6
"Eastern Bering Sea","Gadus macrocephalus",2018,558.543824601456,161,0.650931677018634,104.8
"Eastern Bering Sea","Gadus macrocephalus",2019,900.254753469694,164,0.682926829268293,112
"Eastern Bering Sea","Hippoglossoides elassodon",1982,1266.33730517074,71,0.802816901408451,57
"Eastern Bering Sea","Hippoglossoides elassodon",1983,1654.84007668924,95,0.848421052631579,80.6
"Eastern Bering Sea","Hippoglossoides elassodon",1984,1639.5128623565,81,0.819753086419753,66.4
"Eastern Bering Sea","Hippoglossoides elassodon",1985,1313.68501009172,98,0.777551020408163,76.2
"Eastern Bering Sea","Hippoglossoides elassodon",1986,2002.56773135151,121,0.770247933884298,93.2
"Eastern Bering Sea","Hippoglossoides elassodon",1987,1789.6324934062,97,0.781443298969072,75.8
"Eastern Bering Sea","Hippoglossoides elassodon",1988,3227.72706171438,104,0.819230769230769,85.2
"Eastern Bering Sea","Hippoglossoides elassodon",1989,2999.82586814007,120,0.82,98.4
"Eastern Bering Sea","Hippoglossoides elassodon",1990,2824.79266955934,121,0.809917355371901,98
"Eastern Bering Sea","Hippoglossoides elassodon",1991,2631.8808095931,124,0.77258064516129,95.8
"Eastern Bering Sea","Hippoglossoides elassodon",1992,3105.9473020944,120,0.738333333333333,88.6
"Eastern Bering Sea","Hippoglossoides elassodon",1993,2657.53088655664,129,0.761240310077519,98.2
"Eastern Bering Sea","Hippoglossoides elassodon",1994,3032.28612158813,129,0.778294573643411,100.4
"Eastern Bering Sea","Hippoglossoides elassodon",1995,2482.79902968555,127,0.72755905511811,92.4
"Eastern Bering Sea","Hippoglossoides elassodon",1996,2853.83506786141,133,0.780451127819549,103.8
"Eastern Bering Sea","Hippoglossoides elassodon",1997,2661.28908331939,127,0.733858267716535,93.2
"Eastern Bering Sea","Hippoglossoides elassodon",1998,2526.38024299019,140,0.787142857142857,110.2
"Eastern Bering Sea","Hippoglossoides elassodon",1999,1512.46890074081,112,0.744642857142857,83.4
"Eastern Bering Sea","Hippoglossoides elassodon",2000,1597.77185984447,128,0.7390625,94.6
"Eastern Bering Sea","Hippoglossoides elassodon",2001,2258.40612298945,134,0.753731343283582,101
"Eastern Bering Sea","Hippoglossoides elassodon",2002,2130.04394281336,133,0.724812030075188,96.4
"Eastern Bering Sea","Hippoglossoides elassodon",2003,2194.12009916459,129,0.758139534883721,97.8
"Eastern Bering Sea","Hippoglossoides elassodon",2004,2348.12172541443,128,0.7578125,97
"Eastern Bering Sea","Hippoglossoides elassodon",2005,2650.4178503712,133,0.781954887218045,104
"Eastern Bering Sea","Hippoglossoides elassodon",2006,2764.33752020107,117,0.81025641025641,94.8
"Eastern Bering Sea","Hippoglossoides elassodon",2007,2471.43661929879,118,0.757627118644068,89.4
"Eastern Bering Sea","Hippoglossoides elassodon",2008,2360.66400664665,117,0.758974358974359,88.8
"Eastern Bering Sea","Hippoglossoides elassodon",2009,1780.01349841482,107,0.71214953271028,76.2
"Eastern Bering Sea","Hippoglossoides elassodon",2010,1923.97488945102,117,0.666666666666667,78
"Eastern Bering Sea","Hippoglossoides elassodon",2011,2313.4046720254,122,0.70655737704918,86.2
"Eastern Bering Sea","Hippoglossoides elassodon",2012,1710.75219108436,112,0.660714285714286,74
"Eastern Bering Sea","Hippoglossoides elassodon",2013,2025.96307886686,119,0.670588235294118,79.8
"Eastern Bering Sea","Hippoglossoides elassodon",2014,2665.19489291133,128,0.671875,86
"Eastern Bering Sea","Hippoglossoides elassodon",2015,1719.25458597208,117,0.728205128205128,85.2
"Eastern Bering Sea","Hippoglossoides elassodon",2016,2033.10405086609,129,0.767441860465116,99
"Eastern Bering Sea","Hippoglossoides elassodon",2017,2491.91090222393,121,0.808264462809917,97.8
"Eastern Bering Sea","Hippoglossoides elassodon",2018,2813.08046080676,143,0.822377622377622,117.6
"Eastern Bering Sea","Hippoglossoides elassodon",2019,3108.42043183989,147,0.8,117.6
"Eastern Bering Sea","Hippoglossus stenolepis",1982,122.516737004229,92,0.402173913043478,37
"Eastern Bering Sea","Hippoglossus stenolepis",1983,107.393256936575,89,0.4,35.6
"Eastern Bering Sea","Hippoglossus stenolepis",1984,118.386618209263,88,0.434090909090909,38.2
"Eastern Bering Sea","Hippoglossus stenolepis",1985,87.4540449753816,89,0.408988764044944,36.4
"Eastern Bering Sea","Hippoglossus stenolepis",1986,96.9159540122134,94,0.414893617021277,39
"Eastern Bering Sea","Hippoglossus stenolepis",1987,84.3769088192361,89,0.449438202247191,40
"Eastern Bering Sea","Hippoglossus stenolepis",1988,103.597655171344,97,0.385567010309278,37.4
"Eastern Bering Sea","Hippoglossus stenolepis",1989,106.521688780745,97,0.395876288659794,38.4
"Eastern Bering Sea","Hippoglossus stenolepis",1990,175.132624990245,92,0.395652173913043,36.4
"Eastern Bering Sea","Hippoglossus stenolepis",1991,199.65111942832,104,0.45,46.8
"Eastern Bering Sea","Hippoglossus stenolepis",1992,142.438072600072,111,0.425225225225225,47.2
"Eastern Bering Sea","Hippoglossus stenolepis",1993,169.910667977898,113,0.467256637168142,52.8
"Eastern Bering Sea","Hippoglossus stenolepis",1994,166.713686895051,129,0.477519379844961,61.6
"Eastern Bering Sea","Hippoglossus stenolepis",1995,125.140669000689,116,0.453448275862069,52.6
"Eastern Bering Sea","Hippoglossus stenolepis",1996,120.895267025447,118,0.438983050847458,51.8
"Eastern Bering Sea","Hippoglossus stenolepis",1997,122.073821719913,111,0.455855855855856,50.6
"Eastern Bering Sea","Hippoglossus stenolepis",1998,137.58710258772,119,0.445378151260504,53
"Eastern Bering Sea","Hippoglossus stenolepis",1999,146.340000681911,117,0.487179487179487,57
"Eastern Bering Sea","Hippoglossus stenolepis",2000,120.916867836119,115,0.43304347826087,49.8
"Eastern Bering Sea","Hippoglossus stenolepis",2001,165.582147621613,130,0.473846153846154,61.6
"Eastern Bering Sea","Hippoglossus stenolepis",2002,126.724395694524,116,0.474137931034483,55
"Eastern Bering Sea","Hippoglossus stenolepis",2003,208.296479050617,124,0.456451612903226,56.6
"Eastern Bering Sea","Hippoglossus stenolepis",2004,206.403778344325,120,0.481666666666667,57.8
"Eastern Bering Sea","Hippoglossus stenolepis",2005,206.39580696728,126,0.519047619047619,65.4
"Eastern Bering Sea","Hippoglossus stenolepis",2006,337.848588428908,142,0.530985915492958,75.4
"Eastern Bering Sea","Hippoglossus stenolepis",2007,287.574165923316,128,0.5296875,67.8
"Eastern Bering Sea","Hippoglossus stenolepis",2008,276.560717798626,139,0.522302158273381,72.6
"Eastern Bering Sea","Hippoglossus stenolepis",2009,260.802304701817,127,0.577952755905512,73.4
"Eastern Bering Sea","Hippoglossus stenolepis",2010,279.926849549524,128,0.5890625,75.4
"Eastern Bering Sea","Hippoglossus stenolepis",2011,283.822442234089,130,0.558461538461538,72.6
"Eastern Bering Sea","Hippoglossus stenolepis",2012,230.703731992185,126,0.555555555555556,70
"Eastern Bering Sea","Hippoglossus stenolepis",2013,194.564624123379,122,0.537704918032787,65.6
"Eastern Bering Sea","Hippoglossus stenolepis",2014,213.929147399964,130,0.483076923076923,62.8
"Eastern Bering Sea","Hippoglossus stenolepis",2015,212.300554711647,119,0.519327731092437,61.8
"Eastern Bering Sea","Hippoglossus stenolepis",2016,182.111944577148,120,0.505,60.6
"Eastern Bering Sea","Hippoglossus stenolepis",2017,179.172383900193,114,0.491228070175439,56
"Eastern Bering Sea","Hippoglossus stenolepis",2018,169.272930610713,120,0.515,61.8
"Eastern Bering Sea","Hippoglossus stenolepis",2019,207.80647355956,111,0.493693693693694,54.8
"Eastern Bering Sea","Limanda aspera",1982,22472.0475144296,109,0.787155963302752,85.8
"Eastern Bering Sea","Limanda aspera",1983,15698.1773006367,111,0.78018018018018,86.6
"Eastern Bering Sea","Limanda aspera",1984,14834.372842921,112,0.753571428571429,84.4
"Eastern Bering Sea","Limanda aspera",1985,11598.3637287181,115,0.735652173913043,84.6
"Eastern Bering Sea","Limanda aspera",1986,7907.29302171326,106,0.752830188679245,79.8
"Eastern Bering Sea","Limanda aspera",1987,11045.3564589622,100,0.834,83.4
"Eastern Bering Sea","Limanda aspera",1988,9903.02952115644,112,0.7375,82.6
"Eastern Bering Sea","Limanda aspera",1989,9536.84506456974,106,0.822641509433962,87.2
"Eastern Bering Sea","Limanda aspera",1990,8413.77363364963,109,0.759633027522936,82.8
"Eastern Bering Sea","Limanda aspera",1991,11126.6955475142,111,0.812612612612613,90.2
"Eastern Bering Sea","Limanda aspera",1992,9377.3128603294,104,0.788461538461538,82
"Eastern Bering Sea","Limanda aspera",1993,10492.8199841791,110,0.792727272727273,87.2
"Eastern Bering Sea","Limanda aspera",1994,10429.69231555,120,0.755,90.6
"Eastern Bering Sea","Limanda aspera",1995,9185.20347615391,108,0.796296296296296,86
"Eastern Bering Sea","Limanda aspera",1996,10125.5368223122,110,0.785454545454545,86.4
"Eastern Bering Sea","Limanda aspera",1997,9355.22364019467,115,0.791304347826087,91
"Eastern Bering Sea","Limanda aspera",1998,9518.51836290675,135,0.777777777777778,105
"Eastern Bering Sea","Limanda aspera",1999,5775.69961588312,125,0.7616,95.2
"Eastern Bering Sea","Limanda aspera",2000,7494.07832776898,115,0.784347826086957,90.2
"Eastern Bering Sea","Limanda aspera",2001,8360.28850882601,116,0.779310344827586,90.4
"Eastern Bering Sea","Limanda aspera",2002,8205.41358810811,109,0.759633027522936,82.8
"Eastern Bering Sea","Limanda aspera",2003,8586.74930249081,106,0.790566037735849,83.8
"Eastern Bering Sea","Limanda aspera",2004,9689.79545851857,112,0.773214285714286,86.6
"Eastern Bering Sea","Limanda aspera",2005,10284.205090497,114,0.756140350877193,86.2
"Eastern Bering Sea","Limanda aspera",2006,8609.68422864508,109,0.777981651376147,84.8
"Eastern Bering Sea","Limanda aspera",2007,9279.60342598213,109,0.768807339449541,83.8
"Eastern Bering Sea","Limanda aspera",2008,9782.96911008526,105,0.777142857142857,81.6
"Eastern Bering Sea","Limanda aspera",2009,8624.64512502764,104,0.794230769230769,82.6
"Eastern Bering Sea","Limanda aspera",2010,11286.8511444072,101,0.811881188118812,82
"Eastern Bering Sea","Limanda aspera",2011,10530.6341227615,100,0.784,78.4
"Eastern Bering Sea","Limanda aspera",2012,8853.79601909486,105,0.792380952380952,83.2
"Eastern Bering Sea","Limanda aspera",2013,9048.15315988598,102,0.762745098039216,77.8
"Eastern Bering Sea","Limanda aspera",2014,10161.4707167705,100,0.784,78.4
"Eastern Bering Sea","Limanda aspera",2015,7061.46791950105,97,0.769072164948454,74.6
"Eastern Bering Sea","Limanda aspera",2016,9375.83182923899,104,0.761538461538461,79.2
"Eastern Bering Sea","Limanda aspera",2017,12120.8831315498,115,0.740869565217391,85.2
"Eastern Bering Sea","Limanda aspera",2018,10152.5662762557,117,0.762393162393162,89.2
"Eastern Bering Sea","Limanda aspera",2019,6963.9679887578,116,0.768965517241379,89.2
"Eastern Bering Sea","Pleuronectes quadrituberculatus",1982,1729.4666257,86,0.748837209302326,64.4
"Eastern Bering Sea","Pleuronectes quadrituberculatus",1983,1384.3331878,63,0.831746031746032,52.4
"Eastern Bering Sea","Pleuronectes quadrituberculatus",1984,1410.8602892,76,0.78421052631579,59.6
"Eastern Bering Sea","Pleuronectes quadrituberculatus",1985,1333.8613678,89,0.768539325842697,68.4
"Eastern Bering Sea","Pleuronectes quadrituberculatus",1986,1318.3757789,106,0.726415094339623,77
"Eastern Bering Sea","Pleuronectes quadrituberculatus",1987,1333.4508878,87,0.705747126436782,61.4
"Eastern Bering Sea","Pleuronectes quadrituberculatus",1988,1657.2505323,88,0.688636363636364,60.6
"Eastern Bering Sea","Pleuronectes quadrituberculatus",1989,1070.5989362,94,0.719148936170213,67.6
"Eastern Bering Sea","Pleuronectes quadrituberculatus",1990,1128.0165324,99,0.658585858585859,65.2
"Eastern Bering Sea","Pleuronectes quadrituberculatus",1991,1263.9549775,110,0.656363636363636,72.2
"Eastern Bering Sea","Pleuronectes quadrituberculatus",1992,1174.9205029,101,0.671287128712871,67.8
"Eastern Bering Sea","Pleuronectes quadrituberculatus",1993,1330.7384373,108,0.711111111111111,76.8
"Eastern Bering Sea","Pleuronectes quadrituberculatus",1994,1676.1571427,114,0.701754385964912,80
"Eastern Bering Sea","Pleuronectes quadrituberculatus",1995,1313.8836089,115,0.683478260869565,78.6
"Eastern Bering Sea","Pleuronectes quadrituberculatus",1996,1417.4640374,115,0.702608695652174,80.8
"Eastern Bering Sea","Pleuronectes quadrituberculatus",1997,1685.2609561,113,0.702654867256637,79.4
"Eastern Bering Sea","Pleuronectes quadrituberculatus",1998,1216.2664019,119,0.717647058823529,85.4
"Eastern Bering Sea","Pleuronectes quadrituberculatus",1999,1229.9213708,123,0.746341463414634,91.8
"Eastern Bering Sea","Pleuronectes quadrituberculatus",2000,1158.8992917,115,0.666086956521739,76.6
"Eastern Bering Sea","Pleuronectes quadrituberculatus",2001,1370.0180296,119,0.670588235294118,79.8
"Eastern Bering Sea","Pleuronectes quadrituberculatus",2002,1087.982691,113,0.669026548672566,75.6
"Eastern Bering Sea","Pleuronectes quadrituberculatus",2003,1123.900632,113,0.614159292035398,69.4
"Eastern Bering Sea","Pleuronectes quadrituberculatus",2004,1189.9660711,116,0.632758620689655,73.4
"Eastern Bering Sea","Pleuronectes quadrituberculatus",2005,1239.1404048,117,0.685470085470085,80.2
"Eastern Bering Sea","Pleuronectes quadrituberculatus",2006,1584.1891448,114,0.698245614035088,79.6
"Eastern Bering Sea","Pleuronectes quadrituberculatus",2007,1262.9055513,118,0.674576271186441,79.6
"Eastern Bering Sea","Pleuronectes quadrituberculatus",2008,1277.7616815,115,0.669565217391304,77
"Eastern Bering Sea","Pleuronectes quadrituberculatus",2009,1323.387171,108,0.696296296296296,75.2
"Eastern Bering Sea","Pleuronectes quadrituberculatus",2010,1409.5971993,101,0.728712871287129,73.6
"Eastern Bering Sea","Pleuronectes quadrituberculatus",2011,1262.3139141,104,0.673076923076923,70
"Eastern Bering Sea","Pleuronectes quadrituberculatus",2012,1393.7066784,107,0.693457943925234,74.2
"Eastern Bering Sea","Pleuronectes quadrituberculatus",2013,1152.6005579,102,0.641176470588235,65.4
"Eastern Bering Sea","Pleuronectes quadrituberculatus",2014,1126.2954912,104,0.605769230769231,63
"Eastern Bering Sea","Pleuronectes quadrituberculatus",2015,882.7777802,103,0.607766990291262,62.6
"Eastern Bering Sea","Pleuronectes quadrituberculatus",2016,985.332576,106,0.630188679245283,66.8
"Eastern Bering Sea","Pleuronectes quadrituberculatus",2017,1173.1380281,116,0.655172413793103,76
"Eastern Bering Sea","Pleuronectes quadrituberculatus",2018,893.8941092,124,0.696774193548387,86.4
"Eastern Bering Sea","Pleuronectes quadrituberculatus",2019,889.0272639,119,0.65546218487395,78
"Eastern Bering Sea","Reinhardtius hippoglossoides",1982,86.7128718,27,0.511111111111111,13.8
"Eastern Bering Sea","Reinhardtius hippoglossoides",1983,84.9107386,28,0.478571428571429,13.4
"Eastern Bering Sea","Reinhardtius hippoglossoides",1984,32.8390237,17,0.517647058823529,8.8
"Eastern Bering Sea","Reinhardtius hippoglossoides",1985,28.3785483,23,0.356521739130435,8.2
"Eastern Bering Sea","Reinhardtius hippoglossoides",1986,22.3458722,30,0.3,9
"Eastern Bering Sea","Reinhardtius hippoglossoides",1987,31.0165065,17,0.376470588235294,6.4
"Eastern Bering Sea","Reinhardtius hippoglossoides",1988,79.1440972,28,0.378571428571429,10.6
"Eastern Bering Sea","Reinhardtius hippoglossoides",1989,65.8572321,28,0.421428571428571,11.8
"Eastern Bering Sea","Reinhardtius hippoglossoides",1990,61.26308,33,0.333333333333333,11
"Eastern Bering Sea","Reinhardtius hippoglossoides",1991,80.4184444,30,0.44,13.2
"Eastern Bering Sea","Reinhardtius hippoglossoides",1992,77.9269423,31,0.445161290322581,13.8
"Eastern Bering Sea","Reinhardtius hippoglossoides",1993,71.1524039,31,0.535483870967742,16.6
"Eastern Bering Sea","Reinhardtius hippoglossoides",1994,66.0426206,28,0.457142857142857,12.8
"Eastern Bering Sea","Reinhardtius hippoglossoides",1995,46.8273531,26,0.446153846153846,11.6
"Eastern Bering Sea","Reinhardtius hippoglossoides",1996,41.0977476,37,0.421621621621622,15.6
"Eastern Bering Sea","Reinhardtius hippoglossoides",1997,43.3009219,28,0.385714285714286,10.8
"Eastern Bering Sea","Reinhardtius hippoglossoides",1998,36.8306542,36,0.388888888888889,14
"Eastern Bering Sea","Reinhardtius hippoglossoides",1999,22.7494609,22,0.345454545454545,7.6
"Eastern Bering Sea","Reinhardtius hippoglossoides",2000,28.0862612,30,0.346666666666667,10.4
"Eastern Bering Sea","Reinhardtius hippoglossoides",2001,27.5831939,27,0.362962962962963,9.8
"Eastern Bering Sea","Reinhardtius hippoglossoides",2002,37.3615487,31,0.374193548387097,11.6
"Eastern Bering Sea","Reinhardtius hippoglossoides",2003,46.0653355,38,0.452631578947368,17.2
"Eastern Bering Sea","Reinhardtius hippoglossoides",2004,45.9281207,29,0.524137931034483,15.2
"Eastern Bering Sea","Reinhardtius hippoglossoides",2005,34.0712594,30,0.42,12.6
"Eastern Bering Sea","Reinhardtius hippoglossoides",2006,31.1231456,28,0.442857142857143,12.4
"Eastern Bering Sea","Reinhardtius hippoglossoides",2007,36.9170366,36,0.394444444444444,14.2
"Eastern Bering Sea","Reinhardtius hippoglossoides",2008,46.7947013,35,0.377142857142857,13.2
"Eastern Bering Sea","Reinhardtius hippoglossoides",2009,58.7508584,49,0.326530612244898,16
"Eastern Bering Sea","Reinhardtius hippoglossoides",2010,269.8824895,64,0.365625,23.4
"Eastern Bering Sea","Reinhardtius hippoglossoides",2011,231.8636833,66,0.418181818181818,27.6
"Eastern Bering Sea","Reinhardtius hippoglossoides",2012,113.4941699,50,0.484,24.2
"Eastern Bering Sea","Reinhardtius hippoglossoides",2013,103.0917253,47,0.463829787234043,21.8
"Eastern Bering Sea","Reinhardtius hippoglossoides",2014,75.9627679,46,0.478260869565217,22
"Eastern Bering Sea","Reinhardtius hippoglossoides",2015,53.5927648,36,0.472222222222222,17
"Eastern Bering Sea","Reinhardtius hippoglossoides",2016,41.317071,41,0.404878048780488,16.6
"Eastern Bering Sea","Reinhardtius hippoglossoides",2017,31.6410289,31,0.432258064516129,13.4
"Eastern Bering Sea","Reinhardtius hippoglossoides",2018,22.3030301,37,0.318918918918919,11.8
"Eastern Bering Sea","Reinhardtius hippoglossoides",2019,17.173451,37,0.344594594594595,12.75
"North Sea","Argentina sphyraena",1982.1,133.5,5,0.48,2.4
"North Sea","Argentina sphyraena",1983.1,73.834,22,0.327272727272727,7.2
"North Sea","Argentina sphyraena",1984.1,545.797,25,0.512,12.8
"North Sea","Argentina sphyraena",1985.1,145.749,15,0.48,7.2
"North Sea","Argentina sphyraena",1986.1,207.086,29,0.43448275862069,12.6
"North Sea","Argentina sphyraena",1987.1,561.499,31,0.47741935483871,14.8
"North Sea","Argentina sphyraena",1988.1,277.25,19,0.378947368421053,7.2
"North Sea","Argentina sphyraena",1989.1,1233,26,0.584615384615385,15.2
"North Sea","Argentina sphyraena",1990.1,1240.502,33,0.593939393939394,19.6
"North Sea","Argentina sphyraena",1991.1,482.083,28,0.578571428571429,16.2
"North Sea","Argentina sphyraena",1992.1,3136.003,43,0.52093023255814,22.4
"North Sea","Argentina sphyraena",1993.1,3535.666,47,0.519148936170213,24.4
"North Sea","Argentina sphyraena",1994.1,853.503,36,0.538888888888889,19.4
"North Sea","Argentina sphyraena",1995.1,2829.651,40,0.53,21.2
"North Sea","Argentina sphyraena",1996.1,1528.032,44,0.481818181818182,21.2
"North Sea","Argentina sphyraena",1997.1,884.335,39,0.456410256410256,17.8
"North Sea","Argentina sphyraena",1998.1,772.199,42,0.480952380952381,20.2
"North Sea","Argentina sphyraena",1999.1,1013.634,49,0.56734693877551,27.8
"North Sea","Argentina sphyraena",2000.1,3633.834,56,0.567857142857143,31.8
"North Sea","Argentina sphyraena",2001.1,1688.024,49,0.56734693877551,27.8
"North Sea","Argentina sphyraena",2002.1,3216.169,55,0.563636363636364,31
"North Sea","Argentina sphyraena",2003.1,1300.202,47,0.523404255319149,24.6
"North Sea","Argentina sphyraena",2004.1,823.418,51,0.458823529411765,23.4
"North Sea","Argentina sphyraena",2005.1,1910.801,45,0.528888888888889,23.8
"North Sea","Argentina sphyraena",2006.1,1889.184,50,0.504,25.2
"North Sea","Argentina sphyraena",2007.1,2335.229,53,0.516981132075472,27.4
"North Sea","Argentina sphyraena",2008.1,1582.442,55,0.512727272727273,28.2
"North Sea","Argentina sphyraena",2009.1,1708.518,47,0.434042553191489,20.4
"North Sea","Argentina sphyraena",2010.1,2367.001,67,0.495522388059701,33.2
"North Sea","Argentina sphyraena",2011.1,3068.001,55,0.621818181818182,34.2
"North Sea","Argentina sphyraena",2012.1,1154.861,50,0.5,25
"North Sea","Argentina sphyraena",2013.1,2246.69,55,0.56,30.8
"North Sea","Argentina sphyraena",2014.1,1767.193,50,0.516,25.8
"North Sea","Argentina sphyraena",2015.1,1715.723,60,0.596666666666667,35.8
"North Sea","Argentina sphyraena",2016.1,1490.569,62,0.532258064516129,33
"North Sea","Argentina sphyraena",2017.1,2100.04,62,0.670967741935484,41.6
"North Sea","Argentina sphyraena",2018.1,1807.539,56,0.542857142857143,30.4
"North Sea","Argentina sphyraena",2019.1,1421.122,47,0.617021276595745,29
"North Sea","Callionymus lyra",1982.1,22.5,19,0.302631578947368,5.75
"North Sea","Callionymus lyra",1983.1,70.442,37,0.32972972972973,12.2
"North Sea","Callionymus lyra",1984.1,80.167,47,0.348936170212766,16.4
"North Sea","Callionymus lyra",1985.1,50.987,27,0.311111111111111,8.4
"North Sea","Callionymus lyra",1986.1,106.136,40,0.41,16.4
"North Sea","Callionymus lyra",1987.1,305.309,58,0.344827586206897,20
"North Sea","Callionymus lyra",1988.1,174.336,42,0.366666666666667,15.4
"North Sea","Callionymus lyra",1989.1,250.305,79,0.367088607594937,29
"North Sea","Callionymus lyra",1990.1,322.007,74,0.391891891891892,29
"North Sea","Callionymus lyra",1991.1,357.191,90,0.395555555555556,35.6
"North Sea","Callionymus lyra",1992.1,384.673,78,0.407692307692308,31.8
"North Sea","Callionymus lyra",1993.1,422.049,78,0.402564102564103,31.4
"North Sea","Callionymus lyra",1994.1,238.339,69,0.318840579710145,22
"North Sea","Callionymus lyra",1995.1,330.386,75,0.381333333333333,28.6
"North Sea","Callionymus lyra",1996.1,181.535,53,0.332075471698113,17.6
"North Sea","Callionymus lyra",1997.1,115.169,39,0.297435897435897,11.6
"North Sea","Callionymus lyra",1998.1,84.133,58,0.268965517241379,15.6
"North Sea","Callionymus lyra",1999.1,218.839,65,0.390769230769231,25.4
"North Sea","Callionymus lyra",2000.1,721.292,86,0.395348837209302,34
"North Sea","Callionymus lyra",2001.1,289.509,85,0.348235294117647,29.6
"North Sea","Callionymus lyra",2002.1,1333.781,97,0.414432989690722,40.2
"North Sea","Callionymus lyra",2003.1,518.612,95,0.408421052631579,38.8
"North Sea","Callionymus lyra",2004.1,342.249,82,0.4,32.8
"North Sea","Callionymus lyra",2005.1,380.262,87,0.436781609195402,38
"North Sea","Callionymus lyra",2006.1,304.839,74,0.37027027027027,27.4
"North Sea","Callionymus lyra",2007.1,464.338,98,0.406122448979592,39.8
"North Sea","Callionymus lyra",2008.1,985.87,96,0.441666666666667,42.4
"North Sea","Callionymus lyra",2009.1,726.349,65,0.396923076923077,25.8
"North Sea","Callionymus lyra",2010.1,1394.32,63,0.342857142857143,21.6
"North Sea","Callionymus lyra",2011.1,476.556,54,0.348148148148148,18.8
"North Sea","Callionymus lyra",2012.1,350.312,68,0.4,27.2
"North Sea","Callionymus lyra",2013.1,499.257,84,0.388095238095238,32.6
"North Sea","Callionymus lyra",2014.1,341.571,88,0.409090909090909,36
"North Sea","Callionymus lyra",2015.1,245.306,90,0.337777777777778,30.4
"North Sea","Callionymus lyra",2016.1,222.017,75,0.330666666666667,24.8
"North Sea","Callionymus lyra",2017.1,218.996,69,0.382608695652174,26.4
"North Sea","Callionymus lyra",2018.1,108.455,54,0.255555555555556,13.8
"North Sea","Callionymus lyra",2019.1,190.542,61,0.331147540983607,20.2
"North Sea","Clupea harengus",1982.1,77609.049,133,0.639097744360902,85
"North Sea","Clupea harengus",1983.1,127163.951,143,0.723076923076923,103.4
"North Sea","Clupea harengus",1984.1,146532.413,151,0.71523178807947,108
"North Sea","Clupea harengus",1985.1,261755.693,159,0.723270440251572,115
"North Sea","Clupea harengus",1986.1,364553.939,162,0.664197530864198,107.6
"North Sea","Clupea harengus",1987.1,498339.039,161,0.736645962732919,118.6
"North Sea","Clupea harengus",1988.1,787655.138,159,0.675471698113208,107.4
"North Sea","Clupea harengus",1989.1,308229.673,155,0.683870967741935,106
"North Sea","Clupea harengus",1990.1,181753.753,156,0.642307692307692,100.2
"North Sea","Clupea harengus",1991.1,253776.922,168,0.645238095238095,108.4
"North Sea","Clupea harengus",1992.1,169012.071,161,0.631055900621118,101.6
"North Sea","Clupea harengus",1993.1,539380.389,167,0.633532934131737,105.8
"North Sea","Clupea harengus",1994.1,276508.09,158,0.70506329113924,111.4
"North Sea","Clupea harengus",1995.1,228022.941,163,0.692024539877301,112.8
"North Sea","Clupea harengus",1996.1,236868.402,160,0.7,112
"North Sea","Clupea harengus",1997.1,484684.949,163,0.614723926380368,100.2
"North Sea","Clupea harengus",1998.1,305252.323,169,0.62603550295858,105.8
"North Sea","Clupea harengus",1999.1,159012.429,165,0.637575757575758,105.2
"North Sea","Clupea harengus",2000.1,488406.113,168,0.647619047619048,108.8
"North Sea","Clupea harengus",2001.1,372739.398,169,0.700591715976331,118.4
"North Sea","Clupea harengus",2002.1,441239.574,169,0.631952662721894,106.8
"North Sea","Clupea harengus",2003.1,533258.755,167,0.665868263473054,111.2
"North Sea","Clupea harengus",2004.1,218396.673,160,0.6125,98
"North Sea","Clupea harengus",2005.1,220355.235,162,0.565432098765432,91.6
"North Sea","Clupea harengus",2006.1,314522.535,151,0.529801324503311,80
"North Sea","Clupea harengus",2007.1,156184.34,161,0.530434782608696,85.4
"North Sea","Clupea harengus",2008.1,165062.558,158,0.550632911392405,87
"North Sea","Clupea harengus",2009.1,294083.525,153,0.545098039215686,83.4
"North Sea","Clupea harengus",2010.1,104463.98,164,0.554878048780488,91
"North Sea","Clupea harengus",2011.1,526500.58,175,0.561142857142857,98.2
"North Sea","Clupea harengus",2012.1,281969.674,164,0.563414634146342,92.4
"North Sea","Clupea harengus",2013.1,206151.604,174,0.577011494252874,100.4
"North Sea","Clupea harengus",2014.1,373659.565,174,0.537931034482759,93.6
"North Sea","Clupea harengus",2015.1,438493.705,164,0.654878048780488,107.4
"North Sea","Clupea harengus",2016.1,271866.882,174,0.598850574712644,104.2
"North Sea","Clupea harengus",2017.1,320517.154,167,0.61437125748503,102.6
"North Sea","Clupea harengus",2018.1,109876.704,174,0.549425287356322,95.6
"North Sea","Clupea harengus",2019.1,233999.889,164,0.58780487804878,96.4
"North Sea","Eutrigla gurnardus",1982.1,4513.501,45,0.471111111111111,21.2
"North Sea","Eutrigla gurnardus",1983.1,4136.652,90,0.484444444444444,43.6
"North Sea","Eutrigla gurnardus",1984.1,9767.55,88,0.597727272727273,52.6
"North Sea","Eutrigla gurnardus",1985.1,2208.804,104,0.565384615384615,58.8
"North Sea","Eutrigla gurnardus",1986.1,5928.638,93,0.498924731182796,46.4
"North Sea","Eutrigla gurnardus",1987.1,3049.506,91,0.542857142857143,49.4
"North Sea","Eutrigla gurnardus",1988.1,1520.342,104,0.534615384615385,55.6
"North Sea","Eutrigla gurnardus",1989.1,4970.273,131,0.630534351145038,82.6
"North Sea","Eutrigla gurnardus",1990.1,8237.757,145,0.696551724137931,101
"North Sea","Eutrigla gurnardus",1991.1,9090.681,139,0.661870503597122,92
"North Sea","Eutrigla gurnardus",1992.1,9368.339,143,0.681118881118881,97.4
"North Sea","Eutrigla gurnardus",1993.1,11687.278,141,0.670921985815603,94.6
"North Sea","Eutrigla gurnardus",1994.1,6866.159,127,0.625196850393701,79.4
"North Sea","Eutrigla gurnardus",1995.1,9108.707,140,0.597142857142857,83.6
"North Sea","Eutrigla gurnardus",1996.1,13065.335,111,0.605405405405405,67.2
"North Sea","Eutrigla gurnardus",1997.1,18086.788,120,0.625,75
"North Sea","Eutrigla gurnardus",1998.1,13166.547,143,0.706293706293706,101
"North Sea","Eutrigla gurnardus",1999.1,30097.872,146,0.706849315068493,103.2
"North Sea","Eutrigla gurnardus",2000.1,19392.195,146,0.756164383561644,110.4
"North Sea","Eutrigla gurnardus",2001.1,15500.872,148,0.725675675675676,107.4
"North Sea","Eutrigla gurnardus",2002.1,17187.239,150,0.764,114.6
"North Sea","Eutrigla gurnardus",2003.1,16157.89,146,0.704109589041096,102.8
"North Sea","Eutrigla gurnardus",2004.1,18606.292,148,0.705405405405405,104.4
"North Sea","Eutrigla gurnardus",2005.1,22169.229,154,0.758441558441558,116.8
"North Sea","Eutrigla gurnardus",2006.1,23987.688,140,0.772857142857143,108.2
"North Sea","Eutrigla gurnardus",2007.1,28977.894,158,0.760759493670886,120.2
"North Sea","Eutrigla gurnardus",2008.1,22570.472,150,0.784,117.6
"North Sea","Eutrigla gurnardus",2009.1,18387.65,148,0.686486486486486,101.6
"North Sea","Eutrigla gurnardus",2010.1,16565.14,140,0.674285714285714,94.4
"North Sea","Eutrigla gurnardus",2011.1,19640.276,141,0.775886524822695,109.4
"North Sea","Eutrigla gurnardus",2012.1,29712.827,140,0.765714285714286,107.2
"North Sea","Eutrigla gurnardus",2013.1,18514.05,144,0.702777777777778,101.2
"North Sea","Eutrigla gurnardus",2014.1,20591.062,154,0.723376623376623,111.4
"North Sea","Eutrigla gurnardus",2015.1,25560.009,166,0.743373493975904,123.4
"North Sea","Eutrigla gurnardus",2016.1,29465.741,169,0.797633136094675,134.8
"North Sea","Eutrigla gurnardus",2017.1,26892.433,163,0.788957055214724,128.6
"North Sea","Eutrigla gurnardus",2018.1,16226.161,169,0.733727810650888,124
"North Sea","Eutrigla gurnardus",2019.1,18121.907,162,0.751851851851852,121.8
"North Sea","Gadus morhua",1982.1,3443.986,161,0.631055900621118,101.6
"North Sea","Gadus morhua",1983.1,4047.062,169,0.688757396449704,116.4
"North Sea","Gadus morhua",1984.1,5482.946,167,0.682634730538922,114
"North Sea","Gadus morhua",1985.1,3045.46,165,0.672727272727273,111
"North Sea","Gadus morhua",1986.1,4261.598,166,0.659036144578313,109.4
"North Sea","Gadus morhua",1987.1,5364.542,165,0.687272727272727,113.4
"North Sea","Gadus morhua",1988.1,2672.01,155,0.661935483870968,102.6
"North Sea","Gadus morhua",1989.1,2903.366,164,0.648780487804878,106.4
"North Sea","Gadus morhua",1990.1,2586.71,157,0.611464968152866,96
"North Sea","Gadus morhua",1991.1,2717.369,164,0.596341463414634,97.8
"North Sea","Gadus morhua",1992.1,2597.383,162,0.545679012345679,88.4
"North Sea","Gadus morhua",1993.1,3586.843,167,0.595209580838323,99.4
"North Sea","Gadus morhua",1994.1,2197.946,157,0.551592356687898,86.6
"North Sea","Gadus morhua",1995.1,5621.91,157,0.608917197452229,95.6
"North Sea","Gadus morhua",1996.1,3409.258,158,0.546835443037975,86.4
"North Sea","Gadus morhua",1997.1,5579.154,162,0.55679012345679,90.2
"North Sea","Gadus morhua",1998.1,6027.063,163,0.639263803680982,104.2
"North Sea","Gadus morhua",1999.1,3147.362,167,0.495808383233533,82.8
"North Sea","Gadus morhua",2000.1,2838.51,158,0.534177215189873,84.4
"North Sea","Gadus morhua",2001.1,1810.914,152,0.518421052631579,78.8
"North Sea","Gadus morhua",2002.1,2358.657,160,0.5075,81.2
"North Sea","Gadus morhua",2003.1,964.764,143,0.446153846153846,63.8
"North Sea","Gadus morhua",2004.1,2067.728,157,0.412738853503185,64.8
"North Sea","Gadus morhua",2005.1,1215.678,146,0.420547945205479,61.4
"North Sea","Gadus morhua",2006.1,1569.939,156,0.412820512820513,64.4
"North Sea","Gadus morhua",2007.1,1643.156,157,0.445859872611465,70
"North Sea","Gadus morhua",2008.1,1090.162,157,0.459872611464968,72.2
"North Sea","Gadus morhua",2009.1,868.492,127,0.407874015748032,51.8
"North Sea","Gadus morhua",2010.1,1184.889,156,0.473076923076923,73.8
"North Sea","Gadus morhua",2011.1,1318.405,157,0.45859872611465,72
"North Sea","Gadus morhua",2012.1,1480.68,143,0.457342657342657,65.4
"North Sea","Gadus morhua",2013.1,1312.842,152,0.45921052631579,69.8
"North Sea","Gadus morhua",2014.1,1427.761,157,0.430573248407643,67.6
"North Sea","Gadus morhua",2015.1,1968.804,162,0.48641975308642,78.8
"North Sea","Gadus morhua",2016.1,1519.28,142,0.484507042253521,68.8
"North Sea","Gadus morhua",2017.1,1978.132,160,0.48,76.8
"North Sea","Gadus morhua",2018.1,1229.739,139,0.431654676258993,60
"North Sea","Gadus morhua",2019.1,585.346,127,0.384251968503937,48.8
"North Sea","Glyptocephalus cynoglossus",1982.1,25,17,0.338235294117647,5.75
"North Sea","Glyptocephalus cynoglossus",1983.1,90.591,43,0.358139534883721,15.4
"North Sea","Glyptocephalus cynoglossus",1984.1,70.765,36,0.361111111111111,13
"North Sea","Glyptocephalus cynoglossus",1985.1,92.203,35,0.354285714285714,12.4
"North Sea","Glyptocephalus cynoglossus",1986.1,93.391,48,0.325,15.6
"North Sea","Glyptocephalus cynoglossus",1987.1,101.406,40,0.38,15.2
"North Sea","Glyptocephalus cynoglossus",1988.1,45.669,24,0.308333333333333,7.4
"North Sea","Glyptocephalus cynoglossus",1989.1,196.667,46,0.404347826086957,18.6
"North Sea","Glyptocephalus cynoglossus",1990.1,74.501,36,0.338888888888889,12.2
"North Sea","Glyptocephalus cynoglossus",1991.1,87.67,34,0.4,13.6
"North Sea","Glyptocephalus cynoglossus",1992.1,236.839,48,0.354166666666667,17
"North Sea","Glyptocephalus cynoglossus",1993.1,269.669,53,0.388679245283019,20.6
"North Sea","Glyptocephalus cynoglossus",1994.1,203.584,44,0.322727272727273,14.2
"North Sea","Glyptocephalus cynoglossus",1995.1,288.535,50,0.388,19.4
"North Sea","Glyptocephalus cynoglossus",1996.1,206.904,51,0.368627450980392,18.8
"North Sea","Glyptocephalus cynoglossus",1997.1,285.036,47,0.348936170212766,16.4
"North Sea","Glyptocephalus cynoglossus",1998.1,338.137,58,0.379310344827586,22
"North Sea","Glyptocephalus cynoglossus",1999.1,281.035,41,0.429268292682927,17.6
"North Sea","Glyptocephalus cynoglossus",2000.1,231.138,52,0.376923076923077,19.6
"North Sea","Glyptocephalus cynoglossus",2001.1,150.968,42,0.338095238095238,14.2
"North Sea","Glyptocephalus cynoglossus",2002.1,199.589,45,0.346666666666667,15.6
"North Sea","Glyptocephalus cynoglossus",2003.1,149.036,36,0.372222222222222,13.4
"North Sea","Glyptocephalus cynoglossus",2004.1,71.307,29,0.331034482758621,9.6
"North Sea","Glyptocephalus cynoglossus",2005.1,72.086,34,0.311764705882353,10.6
"North Sea","Glyptocephalus cynoglossus",2006.1,29.318,23,0.252173913043478,5.8
"North Sea","Glyptocephalus cynoglossus",2007.1,62.912,25,0.352,8.8
"North Sea","Glyptocephalus cynoglossus",2008.1,90.539,40,0.305,12.2
"North Sea","Glyptocephalus cynoglossus",2009.1,47.275,17,0.317647058823529,5.4
"North Sea","Glyptocephalus cynoglossus",2010.1,61.969,22,0.363636363636364,8
"North Sea","Glyptocephalus cynoglossus",2011.1,134.336,31,0.316129032258065,9.8
"North Sea","Glyptocephalus cynoglossus",2012.1,118.886,28,0.335714285714286,9.4
"North Sea","Glyptocephalus cynoglossus",2013.1,121.312,37,0.32972972972973,12.2
"North Sea","Glyptocephalus cynoglossus",2014.1,204.961,42,0.347619047619048,14.6
"North Sea","Glyptocephalus cynoglossus",2015.1,121.471,39,0.307692307692308,12
"North Sea","Glyptocephalus cynoglossus",2016.1,113.198,41,0.336585365853659,13.8
"North Sea","Glyptocephalus cynoglossus",2017.1,125.352,40,0.32,12.8
"North Sea","Glyptocephalus cynoglossus",2018.1,53.585,27,0.303703703703704,8.2
"North Sea","Glyptocephalus cynoglossus",2019.1,109.687,49,0.318367346938775,15.6
"North Sea","Hippoglossoides platessoides",1982.1,1739.335,106,0.613207547169811,65
"North Sea","Hippoglossoides platessoides",1983.1,4024.942,119,0.715966386554622,85.2
"North Sea","Hippoglossoides platessoides",1984.1,5348.341,131,0.763358778625954,100
"North Sea","Hippoglossoides platessoides",1985.1,3569.612,136,0.733823529411765,99.8
"North Sea","Hippoglossoides platessoides",1986.1,5212.716,137,0.818978102189781,112.2
"North Sea","Hippoglossoides platessoides",1987.1,9035.841,137,0.861313868613139,118
"North Sea","Hippoglossoides platessoides",1988.1,4420.873,123,0.747967479674797,92
"North Sea","Hippoglossoides platessoides",1989.1,9491.681,130,0.827692307692308,107.6
"North Sea","Hippoglossoides platessoides",1990.1,8603.666,131,0.825954198473282,108.2
"North Sea","Hippoglossoides platessoides",1991.1,6997.521,132,0.753030303030303,99.4
"North Sea","Hippoglossoides platessoides",1992.1,10217.635,128,0.821875,105.2
"North Sea","Hippoglossoides platessoides",1993.1,17866.645,130,0.830769230769231,108
"North Sea","Hippoglossoides platessoides",1994.1,12549.476,127,0.84251968503937,107
"North Sea","Hippoglossoides platessoides",1995.1,17368.567,136,0.827941176470588,112.6
"North Sea","Hippoglossoides platessoides",1996.1,12981.717,132,0.822727272727273,108.6
"North Sea","Hippoglossoides platessoides",1997.1,18867.975,141,0.85531914893617,120.6
"North Sea","Hippoglossoides platessoides",1998.1,23750.01,144,0.881944444444444,127
"North Sea","Hippoglossoides platessoides",1999.1,20419.872,143,0.847552447552448,121.2
"North Sea","Hippoglossoides platessoides",2000.1,20556.753,138,0.879710144927536,121.4
"North Sea","Hippoglossoides platessoides",2001.1,13487.833,145,0.797241379310345,115.6
"North Sea","Hippoglossoides platessoides",2002.1,12802.952,136,0.844117647058824,114.8
"North Sea","Hippoglossoides platessoides",2003.1,11324.382,141,0.794326241134752,112
"North Sea","Hippoglossoides platessoides",2004.1,11551.626,137,0.747445255474453,102.4
"North Sea","Hippoglossoides platessoides",2005.1,13621.37,141,0.747517730496454,105.4
"North Sea","Hippoglossoides platessoides",2006.1,9424.338,134,0.732835820895522,98.2
"North Sea","Hippoglossoides platessoides",2007.1,16813.913,137,0.762043795620438,104.4
"North Sea","Hippoglossoides platessoides",2008.1,14549.753,139,0.794244604316547,110.4
"North Sea","Hippoglossoides platessoides",2009.1,7520.325,134,0.641791044776119,86
"North Sea","Hippoglossoides platessoides",2010.1,6688.075,128,0.70625,90.4
"North Sea","Hippoglossoides platessoides",2011.1,5856.976,139,0.703597122302158,97.8
"North Sea","Hippoglossoides platessoides",2012.1,10394.351,127,0.721259842519685,91.6
"North Sea","Hippoglossoides platessoides",2013.1,9829.158,137,0.766423357664234,105
"North Sea","Hippoglossoides platessoides",2014.1,14044.063,142,0.754929577464789,107.2
"North Sea","Hippoglossoides platessoides",2015.1,10445.648,136,0.822058823529412,111.8
"North Sea","Hippoglossoides platessoides",2016.1,12501.687,140,0.788571428571429,110.4
"North Sea","Hippoglossoides platessoides",2017.1,12190.874,137,0.785401459854015,107.6
"North Sea","Hippoglossoides platessoides",2018.1,8167.596,128,0.6984375,89.4
"North Sea","Hippoglossoides platessoides",2019.1,7915.868,133,0.696240601503759,92.6
"North Sea","Lepidorhombus whiffiagonis",1982.1,30.5,4,0.7,2.8
"North Sea","Lepidorhombus whiffiagonis",1983.1,50.666,16,0.35,5.6
"North Sea","Lepidorhombus whiffiagonis",1984.1,134.668,24,0.4,9.6
"North Sea","Lepidorhombus whiffiagonis",1985.1,46.336,22,0.409090909090909,9
"North Sea","Lepidorhombus whiffiagonis",1986.1,124.336,25,0.44,11
"North Sea","Lepidorhombus whiffiagonis",1987.1,123.751,22,0.418181818181818,9.2
"North Sea","Lepidorhombus whiffiagonis",1988.1,48.5,17,0.317647058823529,5.4
"North Sea","Lepidorhombus whiffiagonis",1989.1,68.167,17,0.4,6.8
"North Sea","Lepidorhombus whiffiagonis",1990.1,81.168,22,0.309090909090909,6.8
"North Sea","Lepidorhombus whiffiagonis",1991.1,43.166,21,0.361904761904762,7.6
"North Sea","Lepidorhombus whiffiagonis",1992.1,40.501,16,0.2625,4.2
"North Sea","Lepidorhombus whiffiagonis",1993.1,65.667,19,0.410526315789474,7.8
"North Sea","Lepidorhombus whiffiagonis",1994.1,100.085,17,0.282352941176471,4.8
"North Sea","Lepidorhombus whiffiagonis",1995.1,111.5,27,0.296296296296296,8
"North Sea","Lepidorhombus whiffiagonis",1996.1,135.505,27,0.325925925925926,8.8
"North Sea","Lepidorhombus whiffiagonis",1997.1,36,12,0.333333333333333,4
"North Sea","Lepidorhombus whiffiagonis",1998.1,57.833,20,0.4,8
"North Sea","Lepidorhombus whiffiagonis",1999.1,71,14,0.342857142857143,4.8
"North Sea","Lepidorhombus whiffiagonis",2000.1,95.033,18,0.4,7.2
"North Sea","Lepidorhombus whiffiagonis",2001.1,59.592,23,0.358695652173913,8.25
"North Sea","Lepidorhombus whiffiagonis",2002.1,100.07,21,0.371428571428571,7.8
"North Sea","Lepidorhombus whiffiagonis",2003.1,114.639,28,0.328571428571429,9.2
"North Sea","Lepidorhombus whiffiagonis",2004.1,82.044,23,0.445652173913043,10.25
"North Sea","Lepidorhombus whiffiagonis",2005.1,164.179,30,0.413333333333333,12.4
"North Sea","Lepidorhombus whiffiagonis",2006.1,160.713,32,0.40625,13
"North Sea","Lepidorhombus whiffiagonis",2007.1,138.635,25,0.424,10.6
"North Sea","Lepidorhombus whiffiagonis",2008.1,181.267,31,0.419354838709677,13
"North Sea","Lepidorhombus whiffiagonis",2009.1,188.34,20,0.52,10.4
"North Sea","Lepidorhombus whiffiagonis",2010.1,116,27,0.437037037037037,11.8
"North Sea","Lepidorhombus whiffiagonis",2011.1,189,27,0.444444444444444,12
"North Sea","Lepidorhombus whiffiagonis",2012.1,77.315,17,0.376470588235294,6.4
"North Sea","Lepidorhombus whiffiagonis",2013.1,240.83,29,0.517241379310345,15
"North Sea","Lepidorhombus whiffiagonis",2014.1,175.783,30,0.366666666666667,11
"North Sea","Lepidorhombus whiffiagonis",2015.1,154.422,28,0.514285714285714,14.4
"North Sea","Lepidorhombus whiffiagonis",2016.1,141.138,32,0.40625,13
"North Sea","Lepidorhombus whiffiagonis",2017.1,199.368,33,0.496969696969697,16.4
"North Sea","Lepidorhombus whiffiagonis",2018.1,103.926,29,0.372413793103448,10.8
"North Sea","Lepidorhombus whiffiagonis",2019.1,100.077,26,0.446153846153846,11.6
"North Sea","Limanda limanda",1982.1,8349.567,119,0.742857142857143,88.4
"North Sea","Limanda limanda",1983.1,18685.851,145,0.815172413793103,118.2
"North Sea","Limanda limanda",1984.1,25062.977,146,0.861643835616438,125.8
"North Sea","Limanda limanda",1985.1,23122.951,146,0.841095890410959,122.8
"North Sea","Limanda limanda",1986.1,35121.658,152,0.872368421052632,132.6
"North Sea","Limanda limanda",1987.1,51273.405,155,0.890322580645161,138
"North Sea","Limanda limanda",1988.1,44025.336,143,0.875524475524476,125.2
"North Sea","Limanda limanda",1989.1,61016.503,153,0.891503267973856,136.4
"North Sea","Limanda limanda",1990.1,63665.004,156,0.87948717948718,137.2
"North Sea","Limanda limanda",1991.1,54807.311,160,0.8725,139.6
"North Sea","Limanda limanda",1992.1,62342.426,154,0.875324675324675,134.8
"North Sea","Limanda limanda",1993.1,63687.178,169,0.859171597633136,145.2
"North Sea","Limanda limanda",1994.1,37259.042,163,0.917791411042945,149.6
"North Sea","Limanda limanda",1995.1,51902.333,162,0.879012345679012,142.4
"North Sea","Limanda limanda",1996.1,40331.724,162,0.854320987654321,138.4
"North Sea","Limanda limanda",1997.1,42160.414,162,0.87283950617284,141.4
"North Sea","Limanda limanda",1998.1,50237.767,162,0.893827160493827,144.8
"North Sea","Limanda limanda",1999.1,39966.865,165,0.876363636363636,144.6
"North Sea","Limanda limanda",2000.1,38422.242,163,0.892024539877301,145.4
"North Sea","Limanda limanda",2001.1,35192.231,166,0.855421686746988,142
"North Sea","Limanda limanda",2002.1,50646.348,160,0.875,140
"North Sea","Limanda limanda",2003.1,56358.783,162,0.9,145.8
"North Sea","Limanda limanda",2004.1,70150.644,162,0.869135802469136,140.8
"North Sea","Limanda limanda",2005.1,67858.858,159,0.877987421383648,139.6
"North Sea","Limanda limanda",2006.1,59647.957,155,0.859354838709677,133.2
"North Sea","Limanda limanda",2007.1,69842.881,162,0.865432098765432,140.2
"North Sea","Limanda limanda",2008.1,58590.019,171,0.851461988304094,145.6
"North Sea","Limanda limanda",2009.1,43694.425,163,0.852760736196319,139
"North Sea","Limanda limanda",2010.1,38482.714,170,0.845882352941176,143.8
"North Sea","Limanda limanda",2011.1,41684.162,175,0.826285714285714,144.6
"North Sea","Limanda limanda",2012.1,50566.882,167,0.868263473053892,145
"North Sea","Limanda limanda",2013.1,42328.873,177,0.863276836158192,152.8
"North Sea","Limanda limanda",2014.1,76586.649,179,0.874860335195531,156.6
"North Sea","Limanda limanda",2015.1,65826.254,176,0.865909090909091,152.4
"North Sea","Limanda limanda",2016.1,85291.418,170,0.896470588235294,152.4
"North Sea","Limanda limanda",2017.1,63805.857,171,0.863157894736842,147.6
"North Sea","Limanda limanda",2018.1,41577.74,173,0.836994219653179,144.8
"North Sea","Limanda limanda",2019.1,56122.311,168,0.869047619047619,146
"North Sea","Lophius piscatorius",1982.1,10.5,12,0.270833333333333,3.25
"North Sea","Lophius piscatorius",1983.1,43.833,26,0.3,7.8
"North Sea","Lophius piscatorius",1984.1,34.867,34,0.270588235294118,9.2
"North Sea","Lophius piscatorius",1985.1,37.767,39,0.225641025641026,8.8
"North Sea","Lophius piscatorius",1986.1,28.417,32,0.25625,8.2
"North Sea","Lophius piscatorius",1987.1,25.037,31,0.232258064516129,7.2
"North Sea","Lophius piscatorius",1988.1,12.402,15,0.25,3.75
"North Sea","Lophius piscatorius",1989.1,45.566,38,0.263157894736842,10
"North Sea","Lophius piscatorius",1990.1,66.42,48,0.258333333333333,12.4
"North Sea","Lophius piscatorius",1991.1,52.582,47,0.302127659574468,14.2
"North Sea","Lophius piscatorius",1992.1,47.234,40,0.29,11.6
"North Sea","Lophius piscatorius",1993.1,126.501,65,0.36,23.4
"North Sea","Lophius piscatorius",1994.1,54.418,45,0.257777777777778,11.6
"North Sea","Lophius piscatorius",1995.1,79.167,52,0.261538461538462,13.6
"North Sea","Lophius piscatorius",1996.1,101.003,48,0.3125,15
"North Sea","Lophius piscatorius",1997.1,88.166,47,0.285106382978723,13.4
"North Sea","Lophius piscatorius",1998.1,73.501,52,0.288461538461538,15
"North Sea","Lophius piscatorius",1999.1,82.502,50,0.244,12.2
"North Sea","Lophius piscatorius",2000.1,77.67,53,0.256603773584906,13.6
"North Sea","Lophius piscatorius",2001.1,76.167,35,0.274285714285714,9.6
"North Sea","Lophius piscatorius",2002.1,70.692,49,0.240816326530612,11.8
"North Sea","Lophius piscatorius",2003.1,47.168,35,0.228571428571429,8
"North Sea","Lophius piscatorius",2004.1,63.436,32,0.275,8.8
"North Sea","Lophius piscatorius",2005.1,50.401,28,0.348214285714286,9.75
"North Sea","Lophius piscatorius",2006.1,44.822,30,0.273333333333333,8.2
"North Sea","Lophius piscatorius",2007.1,36.695,26,0.253846153846154,6.6
"North Sea","Lophius piscatorius",2008.1,36.135,25,0.248,6.2
"North Sea","Lophius piscatorius",2009.1,37.503,19,0.252631578947368,4.8
"North Sea","Lophius piscatorius",2010.1,25.5,21,0.219047619047619,4.6
"North Sea","Lophius piscatorius",2011.1,36,23,0.226086956521739,5.2
"North Sea","Lophius piscatorius",2012.1,33.944,24,0.2,4.8
"North Sea","Lophius piscatorius",2013.1,30.579,24,0.225,5.4
"North Sea","Lophius piscatorius",2014.1,108.73,45,0.231111111111111,10.4
"North Sea","Lophius piscatorius",2015.1,92.312,46,0.256521739130435,11.8
"North Sea","Lophius piscatorius",2016.1,119.014,48,0.270833333333333,13
"North Sea","Lophius piscatorius",2017.1,102.822,53,0.30188679245283,16
"North Sea","Lophius piscatorius",2018.1,57.581,34,0.252941176470588,8.6
"North Sea","Lophius piscatorius",2019.1,90.54,51,0.258823529411765,13.2
"North Sea","Melanogrammus aeglefinus",1982.1,72880.168,134,0.798507462686567,107
"North Sea","Melanogrammus aeglefinus",1983.1,51934.065,137,0.843795620437956,115.6
"North Sea","Melanogrammus aeglefinus",1984.1,80281.591,139,0.840287769784173,116.8
"North Sea","Melanogrammus aeglefinus",1985.1,69167.76,145,0.867586206896552,125.8
"North Sea","Melanogrammus aeglefinus",1986.1,65094.713,131,0.844274809160305,110.6
"North Sea","Melanogrammus aeglefinus",1987.1,78080.467,121,0.854545454545455,103.4
"North Sea","Melanogrammus aeglefinus",1988.1,51063.633,121,0.818181818181818,99
"North Sea","Melanogrammus aeglefinus",1989.1,33599.915,113,0.807079646017699,91.2
"North Sea","Melanogrammus aeglefinus",1990.1,24636.669,112,0.833928571428571,93.4
"North Sea","Melanogrammus aeglefinus",1991.1,47342.819,122,0.804918032786885,98.2
"North Sea","Melanogrammus aeglefinus",1992.1,85672.105,114,0.836842105263158,95.4
"North Sea","Melanogrammus aeglefinus",1993.1,113826.507,116,0.879310344827586,102
"North Sea","Melanogrammus aeglefinus",1994.1,46250.449,115,0.862608695652174,99.2
"North Sea","Melanogrammus aeglefinus",1995.1,100777.999,114,0.857894736842105,97.8
"North Sea","Melanogrammus aeglefinus",1996.1,70411.437,120,0.841666666666667,101
"North Sea","Melanogrammus aeglefinus",1997.1,101055.538,114,0.875438596491228,99.8
"North Sea","Melanogrammus aeglefinus",1998.1,58288.843,123,0.863414634146341,106.2
"North Sea","Melanogrammus aeglefinus",1999.1,36812.042,121,0.852892561983471,103.2
"North Sea","Melanogrammus aeglefinus",2000.1,218006.928,120,0.85,102
"North Sea","Melanogrammus aeglefinus",2001.1,182588.297,129,0.86046511627907,111
"North Sea","Melanogrammus aeglefinus",2002.1,104281.02,121,0.872727272727273,105.6
"North Sea","Melanogrammus aeglefinus",2003.1,50532.088,123,0.811382113821138,99.8
"North Sea","Melanogrammus aeglefinus",2004.1,38142.519,121,0.775206611570248,93.8
"North Sea","Melanogrammus aeglefinus",2005.1,18859.895,116,0.791379310344828,91.8
"North Sea","Melanogrammus aeglefinus",2006.1,71520.687,116,0.803448275862069,93.2
"North Sea","Melanogrammus aeglefinus",2007.1,64190.649,117,0.830769230769231,97.2
"North Sea","Melanogrammus aeglefinus",2008.1,24224.151,118,0.813559322033898,96
"North Sea","Melanogrammus aeglefinus",2009.1,25207.805,115,0.716521739130435,82.4
"North Sea","Melanogrammus aeglefinus",2010.1,56766.164,118,0.786440677966102,92.8
"North Sea","Melanogrammus aeglefinus",2011.1,61112.582,119,0.742857142857143,88.4
"North Sea","Melanogrammus aeglefinus",2012.1,31180.375,107,0.68411214953271,73.2
"North Sea","Melanogrammus aeglefinus",2013.1,13081.811,116,0.693103448275862,80.4
"North Sea","Melanogrammus aeglefinus",2014.1,19265.957,113,0.672566371681416,76
"North Sea","Melanogrammus aeglefinus",2015.1,28988.867,115,0.730434782608696,84
"North Sea","Melanogrammus aeglefinus",2016.1,33234.271,117,0.753846153846154,88.2
"North Sea","Melanogrammus aeglefinus",2017.1,33798.013,120,0.79,94.8
"North Sea","Melanogrammus aeglefinus",2018.1,18316.789,113,0.72212389380531,81.6
"North Sea","Melanogrammus aeglefinus",2019.1,32421.571,112,0.748214285714286,83.8
"North Sea","Merlangius merlangus",1982.1,65560.248,164,0.771951219512195,126.6
"North Sea","Merlangius merlangus",1983.1,41306.26,170,0.801176470588235,136.2
"North Sea","Merlangius merlangus",1984.1,65120.317,170,0.816470588235294,138.8
"North Sea","Merlangius merlangus",1985.1,66216.186,165,0.848484848484849,140
"North Sea","Merlangius merlangus",1986.1,94520.242,170,0.845882352941176,143.8
"North Sea","Merlangius merlangus",1987.1,121898.302,169,0.87810650887574,148.4
"North Sea","Merlangius merlangus",1988.1,140814.165,165,0.848484848484849,140
"North Sea","Merlangius merlangus",1989.1,188711.964,166,0.904819277108434,150.2
"North Sea","Merlangius merlangus",1990.1,136778.916,164,0.882926829268293,144.8
"North Sea","Merlangius merlangus",1991.1,187717.698,172,0.890697674418605,153.2
"North Sea","Merlangius merlangus",1992.1,161431.281,168,0.911904761904762,153.2
"North Sea","Merlangius merlangus",1993.1,164537.982,172,0.884883720930233,152.2
"North Sea","Merlangius merlangus",1994.1,122938.224,167,0.810778443113772,135.4
"North Sea","Merlangius merlangus",1995.1,121460.027,168,0.85952380952381,144.4
"North Sea","Merlangius merlangus",1996.1,111325.801,162,0.797530864197531,129.2
"North Sea","Merlangius merlangus",1997.1,71831.385,169,0.766863905325444,129.6
"North Sea","Merlangius merlangus",1998.1,76605.241,169,0.808284023668639,136.6
"North Sea","Merlangius merlangus",1999.1,99602.008,172,0.772093023255814,132.8
"North Sea","Merlangius merlangus",2000.1,256325.096,171,0.893567251461988,152.8
"North Sea","Merlangius merlangus",2001.1,138466.955,171,0.891228070175439,152.4
"North Sea","Merlangius merlangus",2002.1,111704.345,169,0.840236686390533,142
"North Sea","Merlangius merlangus",2003.1,78635.621,171,0.825730994152047,141.2
"North Sea","Merlangius merlangus",2004.1,59266.627,171,0.75906432748538,129.8
"North Sea","Merlangius merlangus",2005.1,44249.058,172,0.780232558139535,134.2
"North Sea","Merlangius merlangus",2006.1,41888.693,167,0.788023952095808,131.6
"North Sea","Merlangius merlangus",2007.1,38163.628,179,0.735195530726257,131.6
"North Sea","Merlangius merlangus",2008.1,50921.651,177,0.777401129943503,137.6
"North Sea","Merlangius merlangus",2009.1,61955.074,167,0.77125748502994,128.8
"North Sea","Merlangius merlangus",2010.1,51867.806,179,0.748603351955307,134
"North Sea","Merlangius merlangus",2011.1,74646.743,182,0.743956043956044,135.4
"North Sea","Merlangius merlangus",2012.1,75027.02,172,0.730232558139535,125.6
"North Sea","Merlangius merlangus",2013.1,47706.789,179,0.71731843575419,128.4
"North Sea","Merlangius merlangus",2014.1,102857.668,181,0.756906077348066,137
"North Sea","Merlangius merlangus",2015.1,82590.55,177,0.829378531073446,146.8
"North Sea","Merlangius merlangus",2016.1,91122.127,182,0.820879120879121,149.4
"North Sea","Merlangius merlangus",2017.1,104088.285,183,0.846994535519126,155
"North Sea","Merlangius merlangus",2018.1,49809.667,184,0.764130434782609,140.6
"North Sea","Merlangius merlangus",2019.1,54738.656,178,0.829213483146067,147.6
"North Sea","Merluccius merluccius",1982.1,74.5,18,0.288888888888889,5.2
"North Sea","Merluccius merluccius",1983.1,78.169,27,0.288888888888889,7.8
"North Sea","Merluccius merluccius",1984.1,124.204,29,0.358620689655172,10.4
"North Sea","Merluccius merluccius",1985.1,49.018,25,0.37,9.25
"North Sea","Merluccius merluccius",1986.1,149.738,34,0.329411764705882,11.2
"North Sea","Merluccius merluccius",1987.1,156.436,31,0.361290322580645,11.2
"North Sea","Merluccius merluccius",1988.1,62.919,25,0.344,8.6
"North Sea","Merluccius merluccius",1989.1,103.168,25,0.344,8.6
"North Sea","Merluccius merluccius",1990.1,93.582,23,0.391304347826087,9
"North Sea","Merluccius merluccius",1991.1,110.672,33,0.315151515151515,10.4
"North Sea","Merluccius merluccius",1992.1,205.404,24,0.4,9.6
"North Sea","Merluccius merluccius",1993.1,79.667,22,0.336363636363636,7.4
"North Sea","Merluccius merluccius",1994.1,12.833,9,0.311111111111111,2.8
"North Sea","Merluccius merluccius",1995.1,130.617,25,0.32,8
"North Sea","Merluccius merluccius",1996.1,52.1,22,0.336363636363636,7.4
"North Sea","Merluccius merluccius",1997.1,46.568,25,0.256,6.4
"North Sea","Merluccius merluccius",1998.1,235.901,35,0.291428571428571,10.2
"North Sea","Merluccius merluccius",1999.1,157.568,32,0.35625,11.4
"North Sea","Merluccius merluccius",2000.1,51.735,21,0.342857142857143,7.2
"North Sea","Merluccius merluccius",2001.1,26.804,19,0.263157894736842,5
"North Sea","Merluccius merluccius",2002.1,19.068,15,0.283333333333333,4.25
"North Sea","Merluccius merluccius",2003.1,95.477,36,0.288888888888889,10.4
"North Sea","Merluccius merluccius",2004.1,174.353,37,0.372972972972973,13.8
"North Sea","Merluccius merluccius",2005.1,443.48,55,0.425454545454545,23.4
"North Sea","Merluccius merluccius",2006.1,279.479,49,0.461224489795918,22.6
"North Sea","Merluccius merluccius",2007.1,379.055,56,0.478571428571429,26.8
"North Sea","Merluccius merluccius",2008.1,486.08,60,0.473333333333333,28.4
"North Sea","Merluccius merluccius",2009.1,560.979,54,0.385185185185185,20.8
"North Sea","Merluccius merluccius",2010.1,599.371,57,0.456140350877193,26
"North Sea","Merluccius merluccius",2011.1,544.002,60,0.37,22.2
"North Sea","Merluccius merluccius",2012.1,664.015,57,0.47719298245614,27.2
"North Sea","Merluccius merluccius",2013.1,1629.458,63,0.546031746031746,34.4
"North Sea","Merluccius merluccius",2014.1,858.47,65,0.476923076923077,31
"North Sea","Merluccius merluccius",2015.1,2114.097,58,0.486206896551724,28.2
"North Sea","Merluccius merluccius",2016.1,632.732,68,0.420588235294118,28.6
"North Sea","Merluccius merluccius",2017.1,821.327,64,0.5375,34.4
"North Sea","Merluccius merluccius",2018.1,544.115,57,0.501754385964912,28.6
"North Sea","Merluccius merluccius",2019.1,558.41,58,0.489655172413793,28.4
"North Sea","Microstomus kitt",1982.1,337.667,77,0.381818181818182,29.4
"North Sea","Microstomus kitt",1983.1,537.842,104,0.411538461538462,42.8
"North Sea","Microstomus kitt",1984.1,733.464,120,0.436666666666667,52.4
"North Sea","Microstomus kitt",1985.1,499.429,112,0.444642857142857,49.8
"North Sea","Microstomus kitt",1986.1,677.797,111,0.448648648648649,49.8
"North Sea","Microstomus kitt",1987.1,537.707,114,0.440350877192982,50.2
"North Sea","Microstomus kitt",1988.1,611.742,108,0.435185185185185,47
"North Sea","Microstomus kitt",1989.1,834.238,107,0.446728971962617,47.8
"North Sea","Microstomus kitt",1990.1,706.258,103,0.436893203883495,45
"North Sea","Microstomus kitt",1991.1,561.39,112,0.473214285714286,53
"North Sea","Microstomus kitt",1992.1,713.217,102,0.47843137254902,48.8
"North Sea","Microstomus kitt",1993.1,919.671,105,0.476190476190476,50
"North Sea","Microstomus kitt",1994.1,509.527,100,0.456,45.6
"North Sea","Microstomus kitt",1995.1,632.535,102,0.450980392156863,46
"North Sea","Microstomus kitt",1996.1,749.603,91,0.472527472527473,43
"North Sea","Microstomus kitt",1997.1,707.455,111,0.441441441441441,49
"North Sea","Microstomus kitt",1998.1,1087.345,125,0.5312,66.4
"North Sea","Microstomus kitt",1999.1,1128.175,122,0.513114754098361,62.6
"North Sea","Microstomus kitt",2000.1,2424.906,120,0.498333333333333,59.8
"North Sea","Microstomus kitt",2001.1,1143.872,116,0.505172413793104,58.6
"North Sea","Microstomus kitt",2002.1,1313.962,128,0.5390625,69
"North Sea","Microstomus kitt",2003.1,1367.901,123,0.531707317073171,65.4
"North Sea","Microstomus kitt",2004.1,1015.245,126,0.528571428571429,66.6
"North Sea","Microstomus kitt",2005.1,776.467,133,0.487218045112782,64.8
"North Sea","Microstomus kitt",2006.1,629.017,119,0.472268907563025,56.2
"North Sea","Microstomus kitt",2007.1,1017.711,134,0.455223880597015,61
"North Sea","Microstomus kitt",2008.1,944.1,133,0.481203007518797,64
"North Sea","Microstomus kitt",2009.1,704.673,113,0.378761061946903,42.8
"North Sea","Microstomus kitt",2010.1,665.931,125,0.4096,51.2
"North Sea","Microstomus kitt",2011.1,3653.662,127,0.444094488188976,56.4
"North Sea","Microstomus kitt",2012.1,1896.872,133,0.46015037593985,61.2
"North Sea","Microstomus kitt",2013.1,830.764,136,0.451470588235294,61.4
"North Sea","Microstomus kitt",2014.1,1044.665,117,0.492307692307692,57.6
"North Sea","Microstomus kitt",2015.1,937.091,136,0.492647058823529,67
"North Sea","Microstomus kitt",2016.1,1188.491,127,0.48503937007874,61.6
"North Sea","Microstomus kitt",2017.1,874.039,123,0.484552845528455,59.6
"North Sea","Microstomus kitt",2018.1,610.761,109,0.41651376146789,45.4
"North Sea","Microstomus kitt",2019.1,893.034,112,0.453571428571429,50.8
"North Sea","Platichthys flesus",1982.1,282.753,33,0.466666666666667,15.4
"North Sea","Platichthys flesus",1983.1,448.605,41,0.639024390243902,26.2
"North Sea","Platichthys flesus",1984.1,620.353,42,0.595238095238095,25
"North Sea","Platichthys flesus",1985.1,291.102,39,0.533333333333333,20.8
"North Sea","Platichthys flesus",1986.1,897.736,44,0.604545454545454,26.6
"North Sea","Platichthys flesus",1987.1,1253.347,52,0.657692307692308,34.2
"North Sea","Platichthys flesus",1988.1,1326.419,38,0.621052631578947,23.6
"North Sea","Platichthys flesus",1989.1,931.236,43,0.66046511627907,28.4
"North Sea","Platichthys flesus",1990.1,676.917,37,0.572972972972973,21.2
"North Sea","Platichthys flesus",1991.1,1486.47,38,0.621052631578947,23.6
"North Sea","Platichthys flesus",1992.1,1352.903,48,0.575,27.6
"North Sea","Platichthys flesus",1993.1,1157.75,40,0.57,22.8
"North Sea","Platichthys flesus",1994.1,734.269,43,0.516279069767442,22.2
"North Sea","Platichthys flesus",1995.1,745.968,37,0.540540540540541,20
"North Sea","Platichthys flesus",1996.1,576.405,29,0.613793103448276,17.8
"North Sea","Platichthys flesus",1997.1,833.775,44,0.559090909090909,24.6
"North Sea","Platichthys flesus",1998.1,721.12,38,0.557894736842105,21.2
"North Sea","Platichthys flesus",1999.1,671.536,27,0.577777777777778,15.6
"North Sea","Platichthys flesus",2000.1,593.977,36,0.55,19.8
"North Sea","Platichthys flesus",2001.1,474.424,41,0.502439024390244,20.6
"North Sea","Platichthys flesus",2002.1,325.252,33,0.593939393939394,19.6
"North Sea","Platichthys flesus",2003.1,490.844,36,0.505555555555556,18.2
"North Sea","Platichthys flesus",2004.1,557.352,36,0.544444444444445,19.6
"North Sea","Platichthys flesus",2005.1,891.588,40,0.585,23.4
"North Sea","Platichthys flesus",2006.1,710.744,35,0.554285714285714,19.4
"North Sea","Platichthys flesus",2007.1,768.78,38,0.594736842105263,22.6
"North Sea","Platichthys flesus",2008.1,850.11,40,0.645,25.8
"North Sea","Platichthys flesus",2009.1,671.278,50,0.62,31
"North Sea","Platichthys flesus",2010.1,1022.838,49,0.595918367346939,29.2
"North Sea","Platichthys flesus",2011.1,926.427,52,0.480769230769231,25
"North Sea","Platichthys flesus",2012.1,707.103,44,0.545454545454545,24
"North Sea","Platichthys flesus",2013.1,630.581,46,0.51304347826087,23.6
"North Sea","Platichthys flesus",2014.1,467.585,44,0.522727272727273,23
"North Sea","Platichthys flesus",2015.1,778.132,39,0.58974358974359,23
"North Sea","Platichthys flesus",2016.1,681.442,36,0.566666666666667,20.4
"North Sea","Platichthys flesus",2017.1,742.148,42,0.514285714285714,21.6
"North Sea","Platichthys flesus",2018.1,530.067,32,0.5375,17.2
"North Sea","Platichthys flesus",2019.1,567.19,39,0.538461538461538,21
"North Sea","Pleuronectes platessa",1982.1,1209.321,87,0.524137931034483,45.6
"North Sea","Pleuronectes platessa",1983.1,1882.236,116,0.577586206896552,67
"North Sea","Pleuronectes platessa",1984.1,1996.438,127,0.582677165354331,74
"North Sea","Pleuronectes platessa",1985.1,3378.094,130,0.535384615384615,69.6
"North Sea","Pleuronectes platessa",1986.1,2523.087,124,0.57741935483871,71.6
"North Sea","Pleuronectes platessa",1987.1,5751.599,120,0.576666666666667,69.2
"North Sea","Pleuronectes platessa",1988.1,4129.538,113,0.587610619469027,66.4
"North Sea","Pleuronectes platessa",1989.1,4811.213,123,0.598373983739837,73.6
"North Sea","Pleuronectes platessa",1990.1,2844.933,115,0.622608695652174,71.6
"North Sea","Pleuronectes platessa",1991.1,1916.885,124,0.580645161290323,72
"North Sea","Pleuronectes platessa",1992.1,3240.71,117,0.647863247863248,75.8
"North Sea","Pleuronectes platessa",1993.1,2635.174,125,0.6256,78.2
"North Sea","Pleuronectes platessa",1994.1,1656.104,120,0.588333333333333,70.6
"North Sea","Pleuronectes platessa",1995.1,2093.136,121,0.55702479338843,67.4
"North Sea","Pleuronectes platessa",1996.1,2162.004,113,0.548672566371681,62
"North Sea","Pleuronectes platessa",1997.1,3202.523,122,0.550819672131148,67.2
"North Sea","Pleuronectes platessa",1998.1,2447.135,128,0.63125,80.8
"North Sea","Pleuronectes platessa",1999.1,2821.242,119,0.603361344537815,71.8
"North Sea","Pleuronectes platessa",2000.1,3817.874,129,0.629457364341085,81.2
"North Sea","Pleuronectes platessa",2001.1,3512.043,131,0.598473282442748,78.4
"North Sea","Pleuronectes platessa",2002.1,3600.974,132,0.654545454545455,86.4
"North Sea","Pleuronectes platessa",2003.1,4817.337,127,0.678740157480315,86.2
"North Sea","Pleuronectes platessa",2004.1,3695.441,131,0.610687022900763,80
"North Sea","Pleuronectes platessa",2005.1,4465.261,134,0.650746268656716,87.2
"North Sea","Pleuronectes platessa",2006.1,4356.134,131,0.63969465648855,83.8
"North Sea","Pleuronectes platessa",2007.1,5440.767,134,0.676119402985075,90.6
"North Sea","Pleuronectes platessa",2008.1,5905.784,133,0.685714285714286,91.2
"North Sea","Pleuronectes platessa",2009.1,6001.826,144,0.656944444444444,94.6
"North Sea","Pleuronectes platessa",2010.1,5921.892,141,0.666666666666667,94
"North Sea","Pleuronectes platessa",2011.1,7260.578,154,0.667532467532468,102.8
"North Sea","Pleuronectes platessa",2012.1,7959.79,151,0.729801324503311,110.2
"North Sea","Pleuronectes platessa",2013.1,6045.871,150,0.684,102.6
"North Sea","Pleuronectes platessa",2014.1,9263.311,152,0.680263157894737,103.4
"North Sea","Pleuronectes platessa",2015.1,9425.713,147,0.733333333333333,107.8
"North Sea","Pleuronectes platessa",2016.1,9803.935,155,0.699354838709677,108.4
"North Sea","Pleuronectes platessa",2017.1,5907.559,147,0.668027210884354,98.2
"North Sea","Pleuronectes platessa",2018.1,5877.976,137,0.677372262773723,92.8
"North Sea","Pleuronectes platessa",2019.1,5104.22,143,0.651748251748252,93.2
"North Sea","Pollachius virens",1982.1,107,29,0.289655172413793,8.4
"North Sea","Pollachius virens",1983.1,417.92,41,0.4,16.4
"North Sea","Pollachius virens",1984.1,282.784,33,0.393939393939394,13
"North Sea","Pollachius virens",1985.1,3763.169,47,0.476595744680851,22.4
"North Sea","Pollachius virens",1986.1,7236.024,50,0.444,22.2
"North Sea","Pollachius virens",1987.1,569.317,44,0.336363636363636,14.8
"North Sea","Pollachius virens",1988.1,367.17,40,0.465,18.6
"North Sea","Pollachius virens",1989.1,510.004,32,0.525,16.8
"North Sea","Pollachius virens",1990.1,310.084,31,0.458064516129032,14.2
"North Sea","Pollachius virens",1991.1,968.254,41,0.458536585365854,18.8
"North Sea","Pollachius virens",1992.1,471.901,32,0.4,12.8
"North Sea","Pollachius virens",1993.1,739.17,35,0.531428571428571,18.6
"North Sea","Pollachius virens",1994.1,1507.004,29,0.455172413793103,13.2
"North Sea","Pollachius virens",1995.1,290.667,28,0.492857142857143,13.8
"North Sea","Pollachius virens",1996.1,1947.718,46,0.465217391304348,21.4
"North Sea","Pollachius virens",1997.1,475.721,36,0.438888888888889,15.8
"North Sea","Pollachius virens",1998.1,687.105,43,0.465116279069767,20
"North Sea","Pollachius virens",1999.1,528.268,36,0.505555555555556,18.2
"North Sea","Pollachius virens",2000.1,471.737,36,0.466666666666667,16.8
"North Sea","Pollachius virens",2001.1,534.471,38,0.447368421052632,17
"North Sea","Pollachius virens",2002.1,2438.203,45,0.528888888888889,23.8
"North Sea","Pollachius virens",2003.1,3571.421,46,0.456521739130435,21
"North Sea","Pollachius virens",2004.1,2587.522,38,0.521052631578947,19.8
"North Sea","Pollachius virens",2005.1,1498.008,32,0.50625,16.2
"North Sea","Pollachius virens",2006.1,1061.341,29,0.482758620689655,14
"North Sea","Pollachius virens",2007.1,1102.675,42,0.480952380952381,20.2
"North Sea","Pollachius virens",2008.1,1672.114,41,0.482926829268293,19.8
"North Sea","Pollachius virens",2009.1,412.396,29,0.482758620689655,14
"North Sea","Pollachius virens",2010.1,498.291,37,0.427027027027027,15.8
"North Sea","Pollachius virens",2011.1,1721.167,39,0.430769230769231,16.8
"North Sea","Pollachius virens",2012.1,1080.954,31,0.516129032258065,16
"North Sea","Pollachius virens",2013.1,4223.959,55,0.545454545454545,30
"North Sea","Pollachius virens",2014.1,1447.47,43,0.493023255813954,21.2
"North Sea","Pollachius virens",2015.1,973.343,42,0.428571428571429,18
"North Sea","Pollachius virens",2016.1,1604.155,60,0.503333333333333,30.2
"North Sea","Pollachius virens",2017.1,1695.285,67,0.57910447761194,38.8
"North Sea","Pollachius virens",2018.1,3393.425,54,0.537037037037037,29
"North Sea","Pollachius virens",2019.1,153.565,37,0.345945945945946,12.8
"North Sea","Scomber scombrus",1982.1,21.348,9,0.311111111111111,2.8
"North Sea","Scomber scombrus",1983.1,825.666,43,0.548837209302326,23.6
"North Sea","Scomber scombrus",1984.1,142.367,35,0.308571428571429,10.8
"North Sea","Scomber scombrus",1985.1,72.291,36,0.416666666666667,15
"North Sea","Scomber scombrus",1986.1,231.868,47,0.340425531914894,16
"North Sea","Scomber scombrus",1987.1,6775.997,44,0.409090909090909,18
"North Sea","Scomber scombrus",1988.1,155.167,35,0.28,9.8
"North Sea","Scomber scombrus",1989.1,242.908,35,0.342857142857143,12
"North Sea","Scomber scombrus",1990.1,2664.769,60,0.55,33
"North Sea","Scomber scombrus",1991.1,559.891,36,0.383333333333333,13.8
"North Sea","Scomber scombrus",1992.1,1568.271,35,0.394285714285714,13.8
"North Sea","Scomber scombrus",1993.1,284.779,27,0.385185185185185,10.4
"North Sea","Scomber scombrus",1994.1,174.377,30,0.346666666666667,10.4
"North Sea","Scomber scombrus",1995.1,280.008,33,0.448484848484848,14.8
"North Sea","Scomber scombrus",1996.1,918.908,43,0.46046511627907,19.8
"North Sea","Scomber scombrus",1997.1,54180.096,52,0.411538461538462,21.4
"North Sea","Scomber scombrus",1998.1,2745.835,67,0.453731343283582,30.4
"North Sea","Scomber scombrus",1999.1,9347.738,37,0.486486486486487,18
"North Sea","Scomber scombrus",2000.1,25313.352,39,0.502564102564103,19.6
"North Sea","Scomber scombrus",2001.1,7708.061,54,0.544444444444445,29.4
"North Sea","Scomber scombrus",2002.1,4053.308,78,0.487179487179487,38
"North Sea","Scomber scombrus",2003.1,3306.711,55,0.509090909090909,28
"North Sea","Scomber scombrus",2004.1,3562.486,45,0.488888888888889,22
"North Sea","Scomber scombrus",2005.1,105866.239,60,0.44,26.4
"North Sea","Scomber scombrus",2006.1,32579.227,55,0.614545454545455,33.8
"North Sea","Scomber scombrus",2007.1,14464.669,53,0.59622641509434,31.6
"North Sea","Scomber scombrus",2008.1,14942.998,55,0.636363636363636,35
"North Sea","Scomber scombrus",2009.1,151.467,33,0.424242424242424,14
"North Sea","Scomber scombrus",2010.1,3619.223,50,0.532,26.6
"North Sea","Scomber scombrus",2011.1,5563.205,71,0.464788732394366,33
"North Sea","Scomber scombrus",2012.1,9289.106,86,0.537209302325581,46.2
"North Sea","Scomber scombrus",2013.1,1101.533,79,0.422784810126582,33.4
"North Sea","Scomber scombrus",2014.1,2095.779,41,0.429268292682927,17.6
"North Sea","Scomber scombrus",2015.1,6175.399,61,0.4,24.4
"North Sea","Scomber scombrus",2016.1,2335.219,71,0.405633802816901,28.8
"North Sea","Scomber scombrus",2017.1,42639.701,99,0.402020202020202,39.8
"North Sea","Scomber scombrus",2018.1,34565.319,103,0.568932038834951,58.6
"North Sea","Scomber scombrus",2019.1,8301.671,83,0.472289156626506,39.2
"North Sea","Solea solea",1982.1,11.001,10,0.24,2.4
"North Sea","Solea solea",1983.1,22.583,16,0.3,4.8
"North Sea","Solea solea",1984.1,47.119,23,0.28695652173913,6.6
"North Sea","Solea solea",1985.1,31.492,23,0.260869565217391,6
"North Sea","Solea solea",1986.1,29.876,20,0.25,5
"North Sea","Solea solea",1987.1,44.196,30,0.246666666666667,7.4
"North Sea","Solea solea",1988.1,94.667,18,0.255555555555556,4.6
"North Sea","Solea solea",1989.1,63.861,31,0.309677419354839,9.6
"North Sea","Solea solea",1990.1,96.834,38,0.363157894736842,13.8
"North Sea","Solea solea",1991.1,216.388,45,0.382222222222222,17.2
"North Sea","Solea solea",1992.1,122.035,38,0.373684210526316,14.2
"North Sea","Solea solea",1993.1,200.457,41,0.404878048780488,16.6
"North Sea","Solea solea",1994.1,60.532,26,0.338461538461538,8.8
"North Sea","Solea solea",1995.1,132.3,32,0.4,12.8
"North Sea","Solea solea",1996.1,49.169,25,0.352,8.8
"North Sea","Solea solea",1997.1,128.42,34,0.370588235294118,12.6
"North Sea","Solea solea",1998.1,70.47,28,0.4,11.2
"North Sea","Solea solea",1999.1,98.637,28,0.4,11.2
"North Sea","Solea solea",2000.1,88.737,33,0.363636363636364,12
"North Sea","Solea solea",2001.1,92.606,22,0.290909090909091,6.4
"North Sea","Solea solea",2002.1,127.12,35,0.4,14
"North Sea","Solea solea",2003.1,65.389,28,0.371428571428571,10.4
"North Sea","Solea solea",2004.1,94.534,29,0.372413793103448,10.8
"North Sea","Solea solea",2005.1,69.435,28,0.385714285714286,10.8
"North Sea","Solea solea",2006.1,83.402,28,0.385714285714286,10.8
"North Sea","Solea solea",2007.1,135.738,38,0.405263157894737,15.4
"North Sea","Solea solea",2008.1,495.762,38,0.363157894736842,13.8
"North Sea","Solea solea",2009.1,64.054,28,0.4,11.2
"North Sea","Solea solea",2010.1,224.236,24,0.325,7.8
"North Sea","Solea solea",2011.1,67.082,25,0.288,7.2
"North Sea","Solea solea",2012.1,149.5,27,0.459259259259259,12.4
"North Sea","Solea solea",2013.1,61.173,28,0.292857142857143,8.2
"North Sea","Solea solea",2014.1,122.326,32,0.38125,12.2
"North Sea","Solea solea",2015.1,126.872,37,0.421621621621622,15.6
"North Sea","Solea solea",2016.1,80.018,32,0.34375,11
"North Sea","Solea solea",2017.1,112.703,24,0.358333333333333,8.6
"North Sea","Solea solea",2018.1,66.638,26,0.361538461538462,9.4
"North Sea","Solea solea",2019.1,289.101,32,0.375,12
"North Sea","Sprattus sprattus",1982.1,84005.545,109,0.732110091743119,79.8
"North Sea","Sprattus sprattus",1983.1,75068.224,102,0.845098039215686,86.2
"North Sea","Sprattus sprattus",1984.1,98601.216,112,0.785714285714286,88
"North Sea","Sprattus sprattus",1985.1,84512.29,109,0.722935779816514,78.8
"North Sea","Sprattus sprattus",1986.1,53811.824,91,0.731868131868132,66.6
"North Sea","Sprattus sprattus",1987.1,250045.103,96,0.727083333333333,69.8
"North Sea","Sprattus sprattus",1988.1,146467.366,102,0.641176470588235,65.4
"North Sea","Sprattus sprattus",1989.1,410437.369,92,0.743478260869565,68.4
"North Sea","Sprattus sprattus",1990.1,75182.663,96,0.741666666666667,71.2
"North Sea","Sprattus sprattus",1991.1,86735.816,98,0.826530612244898,81
"North Sea","Sprattus sprattus",1992.1,175241.781,106,0.792452830188679,84
"North Sea","Sprattus sprattus",1993.1,195303.124,114,0.773684210526316,88.2
"North Sea","Sprattus sprattus",1994.1,290225.524,130,0.766153846153846,99.6
"North Sea","Sprattus sprattus",1995.1,207889.232,141,0.798581560283688,112.6
"North Sea","Sprattus sprattus",1996.1,104551.883,120,0.74,88.8
"North Sea","Sprattus sprattus",1997.1,115341.251,108,0.735185185185185,79.4
"North Sea","Sprattus sprattus",1998.1,267246.312,123,0.704065040650407,86.6
"North Sea","Sprattus sprattus",1999.1,307567.169,108,0.809259259259259,87.4
"North Sea","Sprattus sprattus",2000.1,180480.204,113,0.750442477876106,84.8
"North Sea","Sprattus sprattus",2001.1,243443.448,127,0.768503937007874,97.6
"North Sea","Sprattus sprattus",2002.1,142410.702,111,0.72972972972973,81
"North Sea","Sprattus sprattus",2003.1,185573.051,98,0.802040816326531,78.6
"North Sea","Sprattus sprattus",2004.1,184379.194,99,0.753535353535354,74.6
"North Sea","Sprattus sprattus",2005.1,302442.6,110,0.783636363636364,86.2
"North Sea","Sprattus sprattus",2006.1,292895.357,92,0.767391304347826,70.6
"North Sea","Sprattus sprattus",2007.1,219391.56,93,0.787096774193548,73.2
"North Sea","Sprattus sprattus",2008.1,153161.101,90,0.733333333333333,66
"North Sea","Sprattus sprattus",2009.1,330012.674,97,0.752577319587629,73
"North Sea","Sprattus sprattus",2010.1,287688.174,112,0.723214285714286,81
"North Sea","Sprattus sprattus",2011.1,197264.58,113,0.702654867256637,79.4
"North Sea","Sprattus sprattus",2012.1,385965.92,121,0.743801652892562,90
"North Sea","Sprattus sprattus",2013.1,214821.773,108,0.761111111111111,82.2
"North Sea","Sprattus sprattus",2014.1,693622.505,110,0.745454545454545,82
"North Sea","Sprattus sprattus",2015.1,537143.541,120,0.796666666666667,95.6
"North Sea","Sprattus sprattus",2016.1,308182.011,128,0.7828125,100.2
"North Sea","Sprattus sprattus",2017.1,474439.337,113,0.808849557522124,91.4
"North Sea","Sprattus sprattus",2018.1,383746.785,115,0.79304347826087,91.2
"North Sea","Sprattus sprattus",2019.1,473868.523,113,0.748672566371681,84.6
"North Sea","Trisopterus esmarkii",1982.1,250247.75,95,0.59578947368421,56.6
"North Sea","Trisopterus esmarkii",1983.1,154576.169,116,0.737931034482759,85.6
"North Sea","Trisopterus esmarkii",1984.1,278240.802,111,0.708108108108108,78.6
"North Sea","Trisopterus esmarkii",1985.1,183439.587,100,0.712,71.2
"North Sea","Trisopterus esmarkii",1986.1,117575.1,105,0.733333333333333,77
"North Sea","Trisopterus esmarkii",1987.1,185664.637,108,0.709259259259259,76.6
"North Sea","Trisopterus esmarkii",1988.1,41078.435,80,0.7,56
"North Sea","Trisopterus esmarkii",1989.1,112743.966,105,0.702857142857143,73.8
"North Sea","Trisopterus esmarkii",1990.1,95060.835,110,0.74,81.4
"North Sea","Trisopterus esmarkii",1991.1,162657.315,122,0.780327868852459,95.2
"North Sea","Trisopterus esmarkii",1992.1,275504.069,108,0.794444444444444,85.8
"North Sea","Trisopterus esmarkii",1993.1,274333.994,119,0.736134453781513,87.6
"North Sea","Trisopterus esmarkii",1994.1,105629.713,108,0.744444444444444,80.4
"North Sea","Trisopterus esmarkii",1995.1,304651.219,111,0.756756756756757,84
"North Sea","Trisopterus esmarkii",1996.1,222707.484,107,0.790654205607477,84.6
"North Sea","Trisopterus esmarkii",1997.1,561847.133,112,0.694642857142857,77.8
"North Sea","Trisopterus esmarkii",1998.1,320929.866,106,0.784905660377359,83.2
"North Sea","Trisopterus esmarkii",1999.1,232824.732,105,0.702857142857143,73.8
"North Sea","Trisopterus esmarkii",2000.1,468223.776,116,0.727586206896552,84.4
"North Sea","Trisopterus esmarkii",2001.1,237471.771,114,0.766666666666667,87.4
"North Sea","Trisopterus esmarkii",2002.1,181259.383,99,0.765656565656566,75.8
"North Sea","Trisopterus esmarkii",2003.1,107479.121,105,0.716190476190476,75.2
"North Sea","Trisopterus esmarkii",2004.1,65543.383,90,0.735555555555556,66.2
"North Sea","Trisopterus esmarkii",2005.1,45325.508,93,0.690322580645161,64.2
"North Sea","Trisopterus esmarkii",2006.1,174866.005,100,0.622,62.2
"North Sea","Trisopterus esmarkii",2007.1,100866.241,100,0.71,71
"North Sea","Trisopterus esmarkii",2008.1,158180.226,110,0.714545454545455,78.6
"North Sea","Trisopterus esmarkii",2009.1,306843.853,96,0.714583333333333,68.6
"North Sea","Trisopterus esmarkii",2010.1,362326.338,99,0.775757575757576,76.8
"North Sea","Trisopterus esmarkii",2011.1,161885.07,84,0.726190476190476,61
"North Sea","Trisopterus esmarkii",2012.1,67873.56,81,0.71358024691358,57.8
"North Sea","Trisopterus esmarkii",2013.1,277776.3,113,0.686725663716814,77.6
"North Sea","Trisopterus esmarkii",2014.1,283674.333,100,0.79,79
"North Sea","Trisopterus esmarkii",2015.1,401083.497,120,0.711666666666667,85.4
"North Sea","Trisopterus esmarkii",2016.1,213247.811,108,0.803703703703704,86.8
"North Sea","Trisopterus esmarkii",2017.1,334927.354,118,0.793220338983051,93.6
"North Sea","Trisopterus esmarkii",2018.1,132320.164,107,0.738317757009346,79
"North Sea","Trisopterus esmarkii",2019.1,261398.114,103,0.749514563106796,77.2
"North Sea","Trisopterus luscus",1982.1,765.487,14,0.4,5.6
"North Sea","Trisopterus luscus",1983.1,303.335,24,0.441666666666667,10.6
"North Sea","Trisopterus luscus",1984.1,632.216,25,0.496,12.4
"North Sea","Trisopterus luscus",1985.1,455.091,26,0.476923076923077,12.4
"North Sea","Trisopterus luscus",1986.1,88.996,18,0.388888888888889,7
"North Sea","Trisopterus luscus",1987.1,356.824,19,0.389473684210526,7.4
"North Sea","Trisopterus luscus",1988.1,244.167,16,0.3875,6.2
"North Sea","Trisopterus luscus",1989.1,103.333,12,0.4,4.8
"North Sea","Trisopterus luscus",1990.1,352.335,27,0.414814814814815,11.2
"North Sea","Trisopterus luscus",1991.1,928.455,37,0.47027027027027,17.4
"North Sea","Trisopterus luscus",1992.1,190.835,23,0.365217391304348,8.4
"North Sea","Trisopterus luscus",1993.1,67.155,26,0.330769230769231,8.6
"North Sea","Trisopterus luscus",1994.1,134,22,0.372727272727273,8.2
"North Sea","Trisopterus luscus",1995.1,217.5,21,0.39047619047619,8.2
"North Sea","Trisopterus luscus",1996.1,313,14,0.4,5.6
"North Sea","Trisopterus luscus",1997.1,54.633,8,0.475,3.8
"North Sea","Trisopterus luscus",1998.1,31.667,9,0.422222222222222,3.8
"North Sea","Trisopterus luscus",1999.1,210.834,6,0.466666666666667,2.8
"North Sea","Trisopterus luscus",2000.1,186.321,16,0.3875,6.2
"North Sea","Trisopterus luscus",2001.1,80.468,15,0.32,4.8
"North Sea","Trisopterus luscus",2002.1,213.502,13,0.538461538461538,7
"North Sea","Trisopterus luscus",2003.1,35.145,16,0.3375,5.4
"North Sea","Trisopterus luscus",2004.1,63.167,15,0.293333333333333,4.4
"North Sea","Trisopterus luscus",2005.1,360.17,20,0.36,7.2
"North Sea","Trisopterus luscus",2006.1,41.302,14,0.342857142857143,4.8
"North Sea","Trisopterus luscus",2007.1,270.334,13,0.507692307692308,6.6
"North Sea","Trisopterus luscus",2008.1,440.048,19,0.442105263157895,8.4
"North Sea","Trisopterus luscus",2009.1,290.71,23,0.469565217391304,10.8
"North Sea","Trisopterus luscus",2010.1,158.972,14,0.457142857142857,6.4
"North Sea","Trisopterus luscus",2011.1,334.561,15,0.52,7.8
"North Sea","Trisopterus luscus",2012.1,1845.3,20,0.5,10
"North Sea","Trisopterus luscus",2013.1,510.302,19,0.431578947368421,8.2
"North Sea","Trisopterus luscus",2014.1,145.151,12,0.566666666666667,6.8
"North Sea","Trisopterus luscus",2015.1,620.385,19,0.484210526315789,9.2
"North Sea","Trisopterus luscus",2016.1,271.8,13,0.538461538461539,7
"North Sea","Trisopterus luscus",2017.1,80.834,15,0.493333333333333,7.4
"North Sea","Trisopterus luscus",2018.1,306.169,14,0.614285714285714,8.6
"North Sea","Trisopterus luscus",2019.1,251.444,14,0.614285714285714,8.6
"North Sea","Trisopterus minutus",1982.1,3091.484,58,0.489655172413793,28.4
"North Sea","Trisopterus minutus",1983.1,2145.734,99,0.424242424242424,42
"North Sea","Trisopterus minutus",1984.1,2270.876,92,0.476086956521739,43.8
"North Sea","Trisopterus minutus",1985.1,1206.788,82,0.482926829268293,39.6
"North Sea","Trisopterus minutus",1986.1,944.692,87,0.448275862068966,39
"North Sea","Trisopterus minutus",1987.1,3335.091,94,0.48936170212766,46
"North Sea","Trisopterus minutus",1988.1,1174.854,74,0.416216216216216,30.8
"North Sea","Trisopterus minutus",1989.1,1965.979,88,0.461363636363636,40.6
"North Sea","Trisopterus minutus",1990.1,3438.17,88,0.538636363636364,47.4
"North Sea","Trisopterus minutus",1991.1,3915.124,116,0.532758620689655,61.8
"North Sea","Trisopterus minutus",1992.1,2292.056,97,0.472164948453608,45.8
"North Sea","Trisopterus minutus",1993.1,3436.262,96,0.479166666666667,46
"North Sea","Trisopterus minutus",1994.1,834.034,86,0.425581395348837,36.6
"North Sea","Trisopterus minutus",1995.1,1112.902,82,0.419512195121951,34.4
"North Sea","Trisopterus minutus",1996.1,1809.502,71,0.436619718309859,31
"North Sea","Trisopterus minutus",1997.1,528.4,56,0.360714285714286,20.2
"North Sea","Trisopterus minutus",1998.1,1371.038,61,0.452459016393443,27.6
"North Sea","Trisopterus minutus",1999.1,1530.005,68,0.579411764705882,39.4
"North Sea","Trisopterus minutus",2000.1,2467.442,89,0.501123595505618,44.6
"North Sea","Trisopterus minutus",2001.1,5844.8,64,0.44375,28.4
"North Sea","Trisopterus minutus",2002.1,2300.777,74,0.489189189189189,36.2
"North Sea","Trisopterus minutus",2003.1,2277.496,90,0.548888888888889,49.4
"North Sea","Trisopterus minutus",2004.1,2442.48,71,0.549295774647887,39
"North Sea","Trisopterus minutus",2005.1,3103.343,97,0.523711340206186,50.8
"North Sea","Trisopterus minutus",2006.1,2229.916,70,0.474285714285714,33.2
"North Sea","Trisopterus minutus",2007.1,4311.796,91,0.567032967032967,51.6
"North Sea","Trisopterus minutus",2008.1,3210.183,98,0.593877551020408,58.2
"North Sea","Trisopterus minutus",2009.1,4049.275,82,0.55609756097561,45.6
"North Sea","Trisopterus minutus",2010.1,6592.223,85,0.60235294117647,51.2
"North Sea","Trisopterus minutus",2011.1,4568.348,67,0.573134328358209,38.4
"North Sea","Trisopterus minutus",2012.1,3950.776,67,0.513432835820895,34.4
"North Sea","Trisopterus minutus",2013.1,6745.632,100,0.598,59.8
"North Sea","Trisopterus minutus",2014.1,5933.825,98,0.577551020408163,56.6
"North Sea","Trisopterus minutus",2015.1,3165.08,89,0.597752808988764,53.2
"North Sea","Trisopterus minutus",2016.1,3788.688,85,0.548235294117647,46.6
"North Sea","Trisopterus minutus",2017.1,2844.362,77,0.54025974025974,41.6
"North Sea","Trisopterus minutus",2018.1,5740.207,84,0.557142857142857,46.8
"North Sea","Trisopterus minutus",2019.1,2301.021,79,0.516455696202532,40.8
"Scottish West Coast","Argentina sphyraena",1985.1,1336.417,22,0.545454545454545,12
"Scottish West Coast","Argentina sphyraena",1986.1,637.166,19,0.547368421052632,10.4
"Scottish West Coast","Argentina sphyraena",1987.1,55.5,4,0.6,2.4
"Scottish West Coast","Argentina sphyraena",1988.1,522.5,21,0.657142857142857,13.8
"Scottish West Coast","Argentina sphyraena",1989.1,368.5,21,0.428571428571429,9
"Scottish West Coast","Argentina sphyraena",1990.1,232.333,16,0.5125,8.2
"Scottish West Coast","Argentina sphyraena",1991.1,154.643,17,0.458823529411765,7.8
"Scottish West Coast","Argentina sphyraena",1992.1,958.733,19,0.568421052631579,10.8
"Scottish West Coast","Argentina sphyraena",1993.1,1290.5,21,0.476190476190476,10
"Scottish West Coast","Argentina sphyraena",1994.1,520.334,18,0.544444444444445,9.8
"Scottish West Coast","Argentina sphyraena",1995.1,540,16,0.5,8
"Scottish West Coast","Argentina sphyraena",1996.1,458.25,23,0.591304347826087,13.6
"Scottish West Coast","Argentina sphyraena",1997.1,903.167,27,0.466666666666667,12.6
"Scottish West Coast","Argentina sphyraena",1998.1,3644.333,22,0.5,11
"Scottish West Coast","Argentina sphyraena",1999.1,934.906,19,0.452631578947368,8.6
"Scottish West Coast","Argentina sphyraena",2000.1,903.4,21,0.533333333333333,11.2
"Scottish West Coast","Argentina sphyraena",2001.1,1088.166,25,0.568,14.2
"Scottish West Coast","Argentina sphyraena",2002.1,1584,22,0.572727272727273,12.6
"Scottish West Coast","Argentina sphyraena",2003.1,952.167,30,0.413333333333333,12.4
"Scottish West Coast","Argentina sphyraena",2004.1,2613.667,22,0.5,11
"Scottish West Coast","Argentina sphyraena",2005.1,859,23,0.521739130434783,12
"Scottish West Coast","Argentina sphyraena",2006.1,424.333,20,0.57,11.4
"Scottish West Coast","Argentina sphyraena",2007.1,857.667,18,0.6,10.8
"Scottish West Coast","Argentina sphyraena",2008.1,1524,24,0.5,12
"Scottish West Coast","Argentina sphyraena",2009.1,673,17,0.435294117647059,7.4
"Scottish West Coast","Argentina sphyraena",2010.1,1237.666,21,0.580952380952381,12.2
"Scottish West Coast","Callionymus lyra",1985.1,54.166,24,0.433333333333333,10.4
"Scottish West Coast","Callionymus lyra",1986.1,76.998,15,0.4,6
"Scottish West Coast","Callionymus lyra",1987.1,25.25,13,0.369230769230769,4.8
"Scottish West Coast","Callionymus lyra",1988.1,28.15,14,0.371428571428571,5.2
"Scottish West Coast","Callionymus lyra",1989.1,35.333,14,0.314285714285714,4.4
"Scottish West Coast","Callionymus lyra",1990.1,18.834,11,0.363636363636364,4
"Scottish West Coast","Callionymus lyra",1991.1,39.286,17,0.376470588235294,6.4
"Scottish West Coast","Callionymus lyra",1992.1,92.399,18,0.466666666666667,8.4
"Scottish West Coast","Callionymus lyra",1993.1,114.75,21,0.447619047619048,9.4
"Scottish West Coast","Callionymus lyra",1994.1,88.834,21,0.40952380952381,8.6
"Scottish West Coast","Callionymus lyra",1995.1,48,7,0.321428571428571,2.25
"Scottish West Coast","Callionymus lyra",1996.1,74.5,17,0.423529411764706,7.2
"Scottish West Coast","Callionymus lyra",1997.1,130.667,26,0.407692307692308,10.6
"Scottish West Coast","Callionymus lyra",1998.1,216.667,28,0.414285714285714,11.6
"Scottish West Coast","Callionymus lyra",1999.1,85.859,22,0.363636363636364,8
"Scottish West Coast","Callionymus lyra",2000.1,104.368,21,0.419047619047619,8.8
"Scottish West Coast","Callionymus lyra",2001.1,93,20,0.38,7.6
"Scottish West Coast","Callionymus lyra",2002.1,133.501,27,0.385185185185185,10.4
"Scottish West Coast","Callionymus lyra",2003.1,85.001,22,0.336363636363636,7.4
"Scottish West Coast","Callionymus lyra",2004.1,132.334,23,0.330434782608696,7.6
"Scottish West Coast","Callionymus lyra",2005.1,55,14,0.285714285714286,4
"Scottish West Coast","Callionymus lyra",2006.1,29.334,15,0.24,3.6
"Scottish West Coast","Callionymus lyra",2007.1,93.734,16,0.375,6
"Scottish West Coast","Callionymus lyra",2008.1,41.668,14,0.314285714285714,4.4
"Scottish West Coast","Callionymus lyra",2009.1,27,8,0.35,2.8
"Scottish West Coast","Callionymus lyra",2010.1,16.334,8,0.375,3
"Scottish West Coast","Chelidonichthys cuculus",1985.1,194.333,17,0.352941176470588,6
"Scottish West Coast","Chelidonichthys cuculus",1986.1,45.333,11,0.4,4.4
"Scottish West Coast","Chelidonichthys cuculus",1987.1,157,20,0.45,9
"Scottish West Coast","Chelidonichthys cuculus",1988.1,89.5,11,0.545454545454545,6
"Scottish West Coast","Chelidonichthys cuculus",1989.1,122,11,0.472727272727273,5.2
"Scottish West Coast","Chelidonichthys cuculus",1990.1,136.167,13,0.4,5.2
"Scottish West Coast","Chelidonichthys cuculus",1991.1,128.286,14,0.5,7
"Scottish West Coast","Chelidonichthys cuculus",1992.1,52,11,0.418181818181818,4.6
"Scottish West Coast","Chelidonichthys cuculus",1993.1,162.75,12,0.483333333333333,5.8
"Scottish West Coast","Chelidonichthys cuculus",1994.1,118.167,11,0.436363636363636,4.8
"Scottish West Coast","Chelidonichthys cuculus",1995.1,80,10,0.5,5
"Scottish West Coast","Chelidonichthys cuculus",1996.1,105,16,0.3625,5.8
"Scottish West Coast","Chelidonichthys cuculus",1997.1,280,18,0.5,9
"Scottish West Coast","Chelidonichthys cuculus",1998.1,394.667,18,0.477777777777778,8.6
"Scottish West Coast","Chelidonichthys cuculus",1999.1,425.572,16,0.45,7.2
"Scottish West Coast","Chelidonichthys cuculus",2000.1,287.668,21,0.495238095238095,10.4
"Scottish West Coast","Chelidonichthys cuculus",2001.1,203.5,22,0.427272727272727,9.4
"Scottish West Coast","Chelidonichthys cuculus",2002.1,545.667,21,0.40952380952381,8.6
"Scottish West Coast","Chelidonichthys cuculus",2003.1,379,23,0.504347826086956,11.6
"Scottish West Coast","Chelidonichthys cuculus",2004.1,405.334,27,0.407407407407407,11
"Scottish West Coast","Chelidonichthys cuculus",2005.1,327,25,0.488,12.2
"Scottish West Coast","Chelidonichthys cuculus",2006.1,258.001,25,0.432,10.8
"Scottish West Coast","Chelidonichthys cuculus",2007.1,206.15,25,0.52,13
"Scottish West Coast","Chelidonichthys cuculus",2008.1,508.334,22,0.736363636363636,16.2
"Scottish West Coast","Chelidonichthys cuculus",2009.1,582.501,23,0.626086956521739,14.4
"Scottish West Coast","Chelidonichthys cuculus",2010.1,404.335,25,0.624,15.6
"Scottish West Coast","Clupea harengus",1985.1,5128.503,29,0.496551724137931,14.4
"Scottish West Coast","Clupea harengus",1986.1,7537.164,28,0.592857142857143,16.6
"Scottish West Coast","Clupea harengus",1987.1,40306,35,0.634285714285714,22.2
"Scottish West Coast","Clupea harengus",1988.1,68540.65,31,0.696774193548387,21.6
"Scottish West Coast","Clupea harengus",1989.1,51672.165,35,0.622857142857143,21.8
"Scottish West Coast","Clupea harengus",1990.1,27761.5,30,0.626666666666667,18.8
"Scottish West Coast","Clupea harengus",1991.1,163968.143,34,0.676470588235294,23
"Scottish West Coast","Clupea harengus",1992.1,25072.066,29,0.648275862068965,18.8
"Scottish West Coast","Clupea harengus",1993.1,41801.25,33,0.654545454545455,21.6
"Scottish West Coast","Clupea harengus",1994.1,32313.001,33,0.715151515151515,23.6
"Scottish West Coast","Clupea harengus",1995.1,35245,25,0.68,17
"Scottish West Coast","Clupea harengus",1996.1,34491,34,0.682352941176471,23.2
"Scottish West Coast","Clupea harengus",1997.1,75290.166,42,0.728571428571429,30.6
"Scottish West Coast","Clupea harengus",1998.1,13425.837,40,0.63,25.2
"Scottish West Coast","Clupea harengus",1999.1,50914.185,42,0.676190476190476,28.4
"Scottish West Coast","Clupea harengus",2000.1,49665.136,40,0.69,27.6
"Scottish West Coast","Clupea harengus",2001.1,34268.001,45,0.706666666666667,31.8
"Scottish West Coast","Clupea harengus",2002.1,130741.002,43,0.683720930232558,29.4
"Scottish West Coast","Clupea harengus",2003.1,61308.332,48,0.645833333333333,31
"Scottish West Coast","Clupea harengus",2004.1,134854,47,0.68936170212766,32.4
"Scottish West Coast","Clupea harengus",2005.1,82979,47,0.680851063829787,32
"Scottish West Coast","Clupea harengus",2006.1,73179.999,44,0.640909090909091,28.2
"Scottish West Coast","Clupea harengus",2007.1,44309.549,37,0.583783783783784,21.6
"Scottish West Coast","Clupea harengus",2008.1,30900.334,32,0.575,18.4
"Scottish West Coast","Clupea harengus",2009.1,61487.001,31,0.561290322580645,17.4
"Scottish West Coast","Clupea harengus",2010.1,55593.169,33,0.654545454545455,21.6
"Scottish West Coast","Eutrigla gurnardus",1985.1,1611.999,31,0.645161290322581,20
"Scottish West Coast","Eutrigla gurnardus",1986.1,587.5,24,0.691666666666667,16.6
"Scottish West Coast","Eutrigla gurnardus",1987.1,1426.5,31,0.716129032258064,22.2
"Scottish West Coast","Eutrigla gurnardus",1988.1,620.2,26,0.723076923076923,18.8
"Scottish West Coast","Eutrigla gurnardus",1989.1,656.833,29,0.662068965517241,19.2
"Scottish West Coast","Eutrigla gurnardus",1990.1,358.333,24,0.625,15
"Scottish West Coast","Eutrigla gurnardus",1991.1,498.572,29,0.655172413793103,19
"Scottish West Coast","Eutrigla gurnardus",1992.1,1261.299,30,0.633333333333333,19
"Scottish West Coast","Eutrigla gurnardus",1993.1,1481.5,32,0.69375,22.2
"Scottish West Coast","Eutrigla gurnardus",1994.1,1279,33,0.696969696969697,23
"Scottish West Coast","Eutrigla gurnardus",1995.1,1357,23,0.730434782608696,16.8
"Scottish West Coast","Eutrigla gurnardus",1996.1,860,32,0.70625,22.6
"Scottish West Coast","Eutrigla gurnardus",1997.1,917.333,40,0.525,21
"Scottish West Coast","Eutrigla gurnardus",1998.1,1170.498,40,0.615,24.6
"Scottish West Coast","Eutrigla gurnardus",1999.1,1831.048,42,0.666666666666667,28
"Scottish West Coast","Eutrigla gurnardus",2000.1,2590.035,41,0.604878048780488,24.8
"Scottish West Coast","Eutrigla gurnardus",2001.1,1387.334,41,0.604878048780488,24.8
"Scottish West Coast","Eutrigla gurnardus",2002.1,2338.334,41,0.604878048780488,24.8
"Scottish West Coast","Eutrigla gurnardus",2003.1,3101.332,46,0.704347826086956,32.4
"Scottish West Coast","Eutrigla gurnardus",2004.1,2366.333,46,0.604347826086957,27.8
"Scottish West Coast","Eutrigla gurnardus",2005.1,2243,43,0.674418604651163,29
"Scottish West Coast","Eutrigla gurnardus",2006.1,2537.999,43,0.683720930232558,29.4
"Scottish West Coast","Eutrigla gurnardus",2007.1,2986.802,36,0.711111111111111,25.6
"Scottish West Coast","Eutrigla gurnardus",2008.1,2835.001,34,0.729411764705882,24.8
"Scottish West Coast","Eutrigla gurnardus",2009.1,4861.167,35,0.668571428571429,23.4
"Scottish West Coast","Eutrigla gurnardus",2010.1,3707.503,35,0.702857142857143,24.6
"Scottish West Coast","Hippoglossoides platessoides",1985.1,434.999,21,0.628571428571429,13.2
"Scottish West Coast","Hippoglossoides platessoides",1986.1,947.666,19,0.673684210526316,12.8
"Scottish West Coast","Hippoglossoides platessoides",1987.1,317.75,23,0.565217391304348,13
"Scottish West Coast","Hippoglossoides platessoides",1988.1,465.9,21,0.619047619047619,13
"Scottish West Coast","Hippoglossoides platessoides",1989.1,794.334,19,0.631578947368421,12
"Scottish West Coast","Hippoglossoides platessoides",1990.1,616.167,19,0.578947368421053,11
"Scottish West Coast","Hippoglossoides platessoides",1991.1,340.001,15,0.666666666666667,10
"Scottish West Coast","Hippoglossoides platessoides",1992.1,1065.768,22,0.6,13.2
"Scottish West Coast","Hippoglossoides platessoides",1993.1,1799.5,24,0.616666666666667,14.8
"Scottish West Coast","Hippoglossoides platessoides",1994.1,1623.168,25,0.632,15.8
"Scottish West Coast","Hippoglossoides platessoides",1995.1,612.5,17,0.6,10.2
"Scottish West Coast","Hippoglossoides platessoides",1996.1,925.5,24,0.616666666666667,14.8
"Scottish West Coast","Hippoglossoides platessoides",1997.1,1837.499,28,0.692857142857143,19.4
"Scottish West Coast","Hippoglossoides platessoides",1998.1,1150.502,30,0.606666666666667,18.2
"Scottish West Coast","Hippoglossoides platessoides",1999.1,583.335,19,0.568421052631579,10.8
"Scottish West Coast","Hippoglossoides platessoides",2000.1,825.833,24,0.608333333333333,14.6
"Scottish West Coast","Hippoglossoides platessoides",2001.1,1228.167,27,0.57037037037037,15.4
"Scottish West Coast","Hippoglossoides platessoides",2002.1,1425,26,0.6,15.6
"Scottish West Coast","Hippoglossoides platessoides",2003.1,1694,22,0.681818181818182,15
"Scottish West Coast","Hippoglossoides platessoides",2004.1,1100.333,21,0.495238095238095,10.4
"Scottish West Coast","Hippoglossoides platessoides",2005.1,265,17,0.435294117647059,7.4
"Scottish West Coast","Hippoglossoides platessoides",2006.1,164.666,15,0.52,7.8
"Scottish West Coast","Hippoglossoides platessoides",2007.1,538.3,17,0.647058823529412,11
"Scottish West Coast","Hippoglossoides platessoides",2008.1,325.333,17,0.588235294117647,10
"Scottish West Coast","Hippoglossoides platessoides",2009.1,269,17,0.505882352941176,8.6
"Scottish West Coast","Hippoglossoides platessoides",2010.1,390,14,0.642857142857143,9
"Scottish West Coast","Lepidorhombus whiffiagonis",1985.1,130.581,20,0.62,12.4
"Scottish West Coast","Lepidorhombus whiffiagonis",1986.1,81.665,18,0.533333333333333,9.6
"Scottish West Coast","Lepidorhombus whiffiagonis",1987.1,65,19,0.421052631578947,8
"Scottish West Coast","Lepidorhombus whiffiagonis",1988.1,162,17,0.576470588235294,9.8
"Scottish West Coast","Lepidorhombus whiffiagonis",1989.1,49.833,15,0.4,6
"Scottish West Coast","Lepidorhombus whiffiagonis",1990.1,48,13,0.492307692307692,6.4
"Scottish West Coast","Lepidorhombus whiffiagonis",1991.1,35,16,0.425,6.8
"Scottish West Coast","Lepidorhombus whiffiagonis",1992.1,69,17,0.423529411764706,7.2
"Scottish West Coast","Lepidorhombus whiffiagonis",1993.1,75.75,23,0.347826086956522,8
"Scottish West Coast","Lepidorhombus whiffiagonis",1994.1,149.501,22,0.545454545454545,12
"Scottish West Coast","Lepidorhombus whiffiagonis",1995.1,109,15,0.44,6.6
"Scottish West Coast","Lepidorhombus whiffiagonis",1996.1,224.5,25,0.544,13.6
"Scottish West Coast","Lepidorhombus whiffiagonis",1997.1,157,22,0.472727272727273,10.4
"Scottish West Coast","Lepidorhombus whiffiagonis",1998.1,158.833,19,0.48421052631579,9.2
"Scottish West Coast","Lepidorhombus whiffiagonis",1999.1,142.858,25,0.384,9.6
"Scottish West Coast","Lepidorhombus whiffiagonis",2000.1,174.134,22,0.445454545454545,9.8
"Scottish West Coast","Lepidorhombus whiffiagonis",2001.1,101,19,0.410526315789474,7.8
"Scottish West Coast","Lepidorhombus whiffiagonis",2002.1,178,20,0.41,8.2
"Scottish West Coast","Lepidorhombus whiffiagonis",2003.1,144.5,26,0.430769230769231,11.2
"Scottish West Coast","Lepidorhombus whiffiagonis",2004.1,96.667,20,0.37,7.4
"Scottish West Coast","Lepidorhombus whiffiagonis",2005.1,43,18,0.288888888888889,5.2
"Scottish West Coast","Lepidorhombus whiffiagonis",2006.1,67.334,16,0.3375,5.4
"Scottish West Coast","Lepidorhombus whiffiagonis",2007.1,79.301,20,0.39,7.8
"Scottish West Coast","Lepidorhombus whiffiagonis",2008.1,104.334,17,0.470588235294118,8
"Scottish West Coast","Lepidorhombus whiffiagonis",2009.1,84.333,15,0.453333333333333,6.8
"Scottish West Coast","Lepidorhombus whiffiagonis",2010.1,83.669,14,0.585714285714286,8.2
"Scottish West Coast","Limanda limanda",1985.1,2208.082,27,0.718518518518518,19.4
"Scottish West Coast","Limanda limanda",1986.1,255.166,20,0.63,12.6
"Scottish West Coast","Limanda limanda",1987.1,471,28,0.564285714285714,15.8
"Scottish West Coast","Limanda limanda",1988.1,854.75,25,0.584,14.6
"Scottish West Coast","Limanda limanda",1989.1,275.333,23,0.6,13.8
"Scottish West Coast","Limanda limanda",1990.1,354.834,22,0.6,13.2
"Scottish West Coast","Limanda limanda",1991.1,394.93,20,0.58,11.6
"Scottish West Coast","Limanda limanda",1992.1,474.199,24,0.583333333333333,14
"Scottish West Coast","Limanda limanda",1993.1,1415,26,0.6,15.6
"Scottish West Coast","Limanda limanda",1994.1,744.001,28,0.621428571428571,17.4
"Scottish West Coast","Limanda limanda",1995.1,231,15,0.573333333333333,8.6
"Scottish West Coast","Limanda limanda",1996.1,219.5,25,0.48,12
"Scottish West Coast","Limanda limanda",1997.1,1958.332,32,0.59375,19
"Scottish West Coast","Limanda limanda",1998.1,1698.666,32,0.69375,22.2
"Scottish West Coast","Limanda limanda",1999.1,4278.811,33,0.6,19.8
"Scottish West Coast","Limanda limanda",2000.1,3392.432,32,0.6625,21.2
"Scottish West Coast","Limanda limanda",2001.1,3728.501,32,0.61875,19.8
"Scottish West Coast","Limanda limanda",2002.1,3137.5,36,0.666666666666667,24
"Scottish West Coast","Limanda limanda",2003.1,4591.834,34,0.652941176470588,22.2
"Scottish West Coast","Limanda limanda",2004.1,5208.333,33,0.654545454545455,21.6
"Scottish West Coast","Limanda limanda",2005.1,890,27,0.540740740740741,14.6
"Scottish West Coast","Limanda limanda",2006.1,571.001,29,0.524137931034483,15.2
"Scottish West Coast","Limanda limanda",2007.1,622.868,23,0.573913043478261,13.2
"Scottish West Coast","Limanda limanda",2008.1,520.336,27,0.525925925925926,14.2
"Scottish West Coast","Limanda limanda",2009.1,761.667,26,0.553846153846154,14.4
"Scottish West Coast","Limanda limanda",2010.1,856.168,25,0.552,13.8
"Scottish West Coast","Melanogrammus aeglefinus",1985.1,7961.582,31,0.832258064516129,25.8
"Scottish West Coast","Melanogrammus aeglefinus",1986.1,5823.669,27,0.725925925925926,19.6
"Scottish West Coast","Melanogrammus aeglefinus",1987.1,12992.75,33,0.896969696969697,29.6
"Scottish West Coast","Melanogrammus aeglefinus",1988.1,7938.7,29,0.910344827586207,26.4
"Scottish West Coast","Melanogrammus aeglefinus",1989.1,5070.499,31,0.774193548387097,24
"Scottish West Coast","Melanogrammus aeglefinus",1990.1,4794.334,29,0.751724137931034,21.8
"Scottish West Coast","Melanogrammus aeglefinus",1991.1,5527.715,34,0.829411764705882,28.2
"Scottish West Coast","Melanogrammus aeglefinus",1992.1,7482.699,29,0.813793103448276,23.6
"Scottish West Coast","Melanogrammus aeglefinus",1993.1,14659.75,33,0.854545454545455,28.2
"Scottish West Coast","Melanogrammus aeglefinus",1994.1,7400.833,33,0.866666666666667,28.6
"Scottish West Coast","Melanogrammus aeglefinus",1995.1,8920.5,25,0.968,24.2
"Scottish West Coast","Melanogrammus aeglefinus",1996.1,16060.75,36,0.922222222222222,33.2
"Scottish West Coast","Melanogrammus aeglefinus",1997.1,17201.667,44,0.840909090909091,37
"Scottish West Coast","Melanogrammus aeglefinus",1998.1,14421,42,0.861904761904762,36.2
"Scottish West Coast","Melanogrammus aeglefinus",1999.1,7686.95,42,0.747619047619048,31.4
"Scottish West Coast","Melanogrammus aeglefinus",2000.1,14055.604,44,0.763636363636364,33.6
"Scottish West Coast","Melanogrammus aeglefinus",2001.1,15926.503,43,0.846511627906977,36.4
"Scottish West Coast","Melanogrammus aeglefinus",2002.1,22710.169,45,0.848888888888889,38.2
"Scottish West Coast","Melanogrammus aeglefinus",2003.1,16024.502,49,0.86530612244898,42.4
"Scottish West Coast","Melanogrammus aeglefinus",2004.1,14797.665,48,0.804166666666667,38.6
"Scottish West Coast","Melanogrammus aeglefinus",2005.1,8224.5,46,0.81304347826087,37.4
"Scottish West Coast","Melanogrammus aeglefinus",2006.1,5280.336,42,0.757142857142857,31.8
"Scottish West Coast","Melanogrammus aeglefinus",2007.1,4771.497,36,0.755555555555556,27.2
"Scottish West Coast","Melanogrammus aeglefinus",2008.1,2840.5,35,0.702857142857143,24.6
"Scottish West Coast","Melanogrammus aeglefinus",2009.1,3931.5,36,0.616666666666667,22.2
"Scottish West Coast","Melanogrammus aeglefinus",2010.1,3020.167,34,0.670588235294118,22.8
"Scottish West Coast","Merlangius merlangus",1985.1,7566.998,31,0.812903225806452,25.2
"Scottish West Coast","Merlangius merlangus",1986.1,4550.002,28,0.757142857142857,21.2
"Scottish West Coast","Merlangius merlangus",1987.1,14147.5,36,0.755555555555556,27.2
"Scottish West Coast","Merlangius merlangus",1988.1,5976,31,0.761290322580645,23.6
"Scottish West Coast","Merlangius merlangus",1989.1,4052.165,32,0.7125,22.8
"Scottish West Coast","Merlangius merlangus",1990.1,4112.002,28,0.807142857142857,22.6
"Scottish West Coast","Merlangius merlangus",1991.1,6804.929,31,0.754838709677419,23.4
"Scottish West Coast","Merlangius merlangus",1992.1,11232.5,27,0.874074074074074,23.6
"Scottish West Coast","Merlangius merlangus",1993.1,20094,31,0.825806451612903,25.6
"Scottish West Coast","Merlangius merlangus",1994.1,17789.334,33,0.866666666666667,28.6
"Scottish West Coast","Merlangius merlangus",1995.1,13499.5,24,0.775,18.6
"Scottish West Coast","Merlangius merlangus",1996.1,22831.5,33,0.854545454545454,28.2
"Scottish West Coast","Merlangius merlangus",1997.1,31987.168,43,0.883720930232558,38
"Scottish West Coast","Merlangius merlangus",1998.1,33891.5,41,0.878048780487805,36
"Scottish West Coast","Merlangius merlangus",1999.1,30827.857,40,0.78,31.2
"Scottish West Coast","Merlangius merlangus",2000.1,29687.366,40,0.81,32.4
"Scottish West Coast","Merlangius merlangus",2001.1,18514.5,44,0.795454545454545,35
"Scottish West Coast","Merlangius merlangus",2002.1,21585.667,43,0.758139534883721,32.6
"Scottish West Coast","Merlangius merlangus",2003.1,22464.834,46,0.804347826086957,37
"Scottish West Coast","Merlangius merlangus",2004.1,20192.833,46,0.778260869565217,35.8
"Scottish West Coast","Merlangius merlangus",2005.1,6653,44,0.731818181818182,32.2
"Scottish West Coast","Merlangius merlangus",2006.1,7298.998,40,0.68,27.2
"Scottish West Coast","Merlangius merlangus",2007.1,2604.198,35,0.605714285714286,21.2
"Scottish West Coast","Merlangius merlangus",2008.1,1779.001,31,0.619354838709677,19.2
"Scottish West Coast","Merlangius merlangus",2009.1,3279.001,29,0.572413793103448,16.6
"Scottish West Coast","Merlangius merlangus",2010.1,8589.332,31,0.67741935483871,21
"Scottish West Coast","Merluccius merluccius",1985.1,934.415,20,0.56,11.2
"Scottish West Coast","Merluccius merluccius",1986.1,379.332,19,0.631578947368421,12
"Scottish West Coast","Merluccius merluccius",1987.1,683.25,19,0.578947368421053,11
"Scottish West Coast","Merluccius merluccius",1988.1,241.05,16,0.5625,9
"Scottish West Coast","Merluccius merluccius",1989.1,309.999,20,0.54,10.8
"Scottish West Coast","Merluccius merluccius",1990.1,1109.666,19,0.736842105263158,14
"Scottish West Coast","Merluccius merluccius",1991.1,754.216,21,0.647619047619048,13.6
"Scottish West Coast","Merluccius merluccius",1992.1,843.765,25,0.632,15.8
"Scottish West Coast","Merluccius merluccius",1993.1,819.25,25,0.584,14.6
"Scottish West Coast","Merluccius merluccius",1994.1,2233.667,26,0.546153846153846,14.2
"Scottish West Coast","Merluccius merluccius",1995.1,853,22,0.590909090909091,13
"Scottish West Coast","Merluccius merluccius",1996.1,419,20,0.57,11.4
"Scottish West Coast","Merluccius merluccius",1997.1,1299.167,30,0.533333333333333,16
"Scottish West Coast","Merluccius merluccius",1998.1,2047.166,32,0.60625,19.4
"Scottish West Coast","Merluccius merluccius",1999.1,1588.335,29,0.641379310344828,18.6
"Scottish West Coast","Merluccius merluccius",2000.1,1154.333,19,0.694736842105263,13.2
"Scottish West Coast","Merluccius merluccius",2001.1,374.667,19,0.378947368421053,7.2
"Scottish West Coast","Merluccius merluccius",2002.1,248,16,0.3875,6.2
"Scottish West Coast","Merluccius merluccius",2003.1,2440.001,40,0.43,17.2
"Scottish West Coast","Merluccius merluccius",2004.1,2149.336,31,0.587096774193548,18.2
"Scottish West Coast","Merluccius merluccius",2005.1,406,33,0.521212121212121,17.2
"Scottish West Coast","Merluccius merluccius",2006.1,1646.671,32,0.525,16.8
"Scottish West Coast","Merluccius merluccius",2007.1,3684.301,35,0.56,19.6
"Scottish West Coast","Merluccius merluccius",2008.1,1795.832,34,0.605882352941176,20.6
"Scottish West Coast","Merluccius merluccius",2009.1,994.667,30,0.52,15.6
"Scottish West Coast","Merluccius merluccius",2010.1,3007.502,30,0.606666666666667,18.2
"Scottish West Coast","Microstomus kitt",1985.1,250.666,29,0.524137931034483,15.2
"Scottish West Coast","Microstomus kitt",1986.1,336.501,22,0.681818181818182,15
"Scottish West Coast","Microstomus kitt",1987.1,295.75,32,0.64375,20.6
"Scottish West Coast","Microstomus kitt",1988.1,382.65,28,0.671428571428571,18.8
"Scottish West Coast","Microstomus kitt",1989.1,354.666,30,0.6,18
"Scottish West Coast","Microstomus kitt",1990.1,243.001,25,0.712,17.8
"Scottish West Coast","Microstomus kitt",1991.1,335.215,25,0.744,18.6
"Scottish West Coast","Microstomus kitt",1992.1,513.233,28,0.728571428571429,20.4
"Scottish West Coast","Microstomus kitt",1993.1,683.5,30,0.693333333333333,20.8
"Scottish West Coast","Microstomus kitt",1994.1,767.499,30,0.786666666666667,23.6
"Scottish West Coast","Microstomus kitt",1995.1,810,23,0.730434782608696,16.8
"Scottish West Coast","Microstomus kitt",1996.1,798.25,33,0.703030303030303,23.2
"Scottish West Coast","Microstomus kitt",1997.1,860,36,0.633333333333333,22.8
"Scottish West Coast","Microstomus kitt",1998.1,1048.5,35,0.685714285714286,24
"Scottish West Coast","Microstomus kitt",1999.1,735.955,36,0.605555555555556,21.8
"Scottish West Coast","Microstomus kitt",2000.1,793.401,37,0.594594594594595,22
"Scottish West Coast","Microstomus kitt",2001.1,544,37,0.562162162162162,20.8
"Scottish West Coast","Microstomus kitt",2002.1,1253.5,39,0.605128205128205,23.6
"Scottish West Coast","Microstomus kitt",2003.1,1075.834,43,0.651162790697674,28
"Scottish West Coast","Microstomus kitt",2004.1,1034.668,39,0.656410256410256,25.6
"Scottish West Coast","Microstomus kitt",2005.1,540,36,0.572222222222222,20.6
"Scottish West Coast","Microstomus kitt",2006.1,582,37,0.551351351351351,20.4
"Scottish West Coast","Microstomus kitt",2007.1,588.85,32,0.68125,21.8
"Scottish West Coast","Microstomus kitt",2008.1,532.335,33,0.642424242424242,21.2
"Scottish West Coast","Microstomus kitt",2009.1,363.334,30,0.52,15.6
"Scottish West Coast","Microstomus kitt",2010.1,290.168,30,0.526666666666667,15.8
"Scottish West Coast","Pleuronectes platessa",1985.1,215.081,24,0.510416666666667,12.25
"Scottish West Coast","Pleuronectes platessa",1986.1,214.165,24,0.516666666666667,12.4
"Scottish West Coast","Pleuronectes platessa",1987.1,131,28,0.414285714285714,11.6
"Scottish West Coast","Pleuronectes platessa",1988.1,184.45,26,0.461538461538462,12
"Scottish West Coast","Pleuronectes platessa",1989.1,106,25,0.368,9.2
"Scottish West Coast","Pleuronectes platessa",1990.1,142.834,26,0.453846153846154,11.8
"Scottish West Coast","Pleuronectes platessa",1991.1,109.644,24,0.441666666666667,10.6
"Scottish West Coast","Pleuronectes platessa",1992.1,196.465,25,0.576,14.4
"Scottish West Coast","Pleuronectes platessa",1993.1,491.5,30,0.633333333333333,19
"Scottish West Coast","Pleuronectes platessa",1994.1,324.501,29,0.572413793103448,16.6
"Scottish West Coast","Pleuronectes platessa",1995.1,128.5,22,0.463636363636364,10.2
"Scottish West Coast","Pleuronectes platessa",1996.1,187.5,23,0.51304347826087,11.8
"Scottish West Coast","Pleuronectes platessa",1997.1,472.666,35,0.542857142857143,19
"Scottish West Coast","Pleuronectes platessa",1998.1,805.168,35,0.64,22.4
"Scottish West Coast","Pleuronectes platessa",1999.1,2111.477,38,0.6,22.8
"Scottish West Coast","Pleuronectes platessa",2000.1,962.167,36,0.7,25.2
"Scottish West Coast","Pleuronectes platessa",2001.1,794,34,0.588235294117647,20
"Scottish West Coast","Pleuronectes platessa",2002.1,932.668,36,0.605555555555556,21.8
"Scottish West Coast","Pleuronectes platessa",2003.1,1708.833,38,0.652631578947368,24.8
"Scottish West Coast","Pleuronectes platessa",2004.1,1654.003,35,0.571428571428571,20
"Scottish West Coast","Pleuronectes platessa",2005.1,1389,35,0.577142857142857,20.2
"Scottish West Coast","Pleuronectes platessa",2006.1,793.334,32,0.5875,18.8
"Scottish West Coast","Pleuronectes platessa",2007.1,551.433,29,0.531034482758621,15.4
"Scottish West Coast","Pleuronectes platessa",2008.1,409.169,29,0.420689655172414,12.2
"Scottish West Coast","Pleuronectes platessa",2009.1,335,25,0.48,12
"Scottish West Coast","Pleuronectes platessa",2010.1,485.667,28,0.578571428571429,16.2
"Scottish West Coast","Scomber scombrus",1985.1,2531.74,16,0.5375,8.6
"Scottish West Coast","Scomber scombrus",1986.1,1108.536,17,0.6,10.2
"Scottish West Coast","Scomber scombrus",1987.1,8988.944,21,0.542857142857143,11.4
"Scottish West Coast","Scomber scombrus",1988.1,1894.152,20,0.7,14
"Scottish West Coast","Scomber scombrus",1989.1,12852.067,22,0.6,13.2
"Scottish West Coast","Scomber scombrus",1990.1,15847.27,24,0.708333333333333,17
"Scottish West Coast","Scomber scombrus",1991.1,7795.672,27,0.659259259259259,17.8
"Scottish West Coast","Scomber scombrus",1992.1,7627.127,20,0.62,12.4
"Scottish West Coast","Scomber scombrus",1993.1,16220.273,23,0.643478260869565,14.8
"Scottish West Coast","Scomber scombrus",1994.1,52544.558,18,0.733333333333333,13.2
"Scottish West Coast","Scomber scombrus",1995.1,10311.822,19,0.631578947368421,12
"Scottish West Coast","Scomber scombrus",1996.1,138705.355,26,0.738461538461539,19.2
"Scottish West Coast","Scomber scombrus",1997.1,8291.842,23,0.530434782608696,12.2
"Scottish West Coast","Scomber scombrus",1998.1,13732.542,29,0.662068965517241,19.2
"Scottish West Coast","Scomber scombrus",1999.1,56239.053,29,0.613793103448276,17.8
"Scottish West Coast","Scomber scombrus",2000.1,51862.309,21,0.580952380952381,12.2
"Scottish West Coast","Scomber scombrus",2001.1,2963.419,20,0.49,9.8
"Scottish West Coast","Scomber scombrus",2002.1,10323.899,24,0.566666666666667,13.6
"Scottish West Coast","Scomber scombrus",2003.1,111290.13,28,0.642857142857143,18
"Scottish West Coast","Scomber scombrus",2004.1,9805.012,30,0.62,18.6
"Scottish West Coast","Scomber scombrus",2005.1,248092.219,30,0.813333333333333,24.4
"Scottish West Coast","Scomber scombrus",2006.1,441189.857,38,0.747368421052632,28.4
"Scottish West Coast","Scomber scombrus",2007.1,243542.631,30,0.793333333333333,23.8
"Scottish West Coast","Scomber scombrus",2008.1,157502.291,28,0.878571428571429,24.6
"Scottish West Coast","Scomber scombrus",2009.1,279374.34,25,0.752,18.8
"Scottish West Coast","Scomber scombrus",2010.1,50674.425,25,0.696,17.4
"Scottish West Coast","Sprattus sprattus",1985.1,190.582,15,0.666666666666667,10
"Scottish West Coast","Sprattus sprattus",1986.1,3929.834,21,0.59047619047619,12.4
"Scottish West Coast","Sprattus sprattus",1987.1,1338,23,0.547826086956522,12.6
"Scottish West Coast","Sprattus sprattus",1988.1,12308.5,14,0.6,8.4
"Scottish West Coast","Sprattus sprattus",1989.1,2479.833,19,0.526315789473684,10
"Scottish West Coast","Sprattus sprattus",1990.1,1477.668,20,0.6,12
"Scottish West Coast","Sprattus sprattus",1991.1,3750.644,16,0.7875,12.6
"Scottish West Coast","Sprattus sprattus",1992.1,2502.533,16,0.6625,10.6
"Scottish West Coast","Sprattus sprattus",1993.1,9131,19,0.71578947368421,13.6
"Scottish West Coast","Sprattus sprattus",1994.1,1887.999,26,0.707692307692308,18.4
"Scottish West Coast","Sprattus sprattus",1995.1,7494.5,14,0.7,9.8
"Scottish West Coast","Sprattus sprattus",1996.1,9521.5,25,0.704,17.6
"Scottish West Coast","Sprattus sprattus",1997.1,17980.833,36,0.761111111111111,27.4
"Scottish West Coast","Sprattus sprattus",1998.1,6012.833,30,0.693333333333333,20.8
"Scottish West Coast","Sprattus sprattus",1999.1,37013.145,26,0.830769230769231,21.6
"Scottish West Coast","Sprattus sprattus",2000.1,14972.367,34,0.764705882352941,26
"Scottish West Coast","Sprattus sprattus",2001.1,81377.666,34,0.694117647058824,23.6
"Scottish West Coast","Sprattus sprattus",2002.1,8130.666,26,0.853846153846154,22.2
"Scottish West Coast","Sprattus sprattus",2003.1,34767.5,30,0.766666666666667,23
"Scottish West Coast","Sprattus sprattus",2004.1,18310.831,27,0.718518518518519,19.4
"Scottish West Coast","Sprattus sprattus",2005.1,26192.5,24,0.666666666666667,16
"Scottish West Coast","Sprattus sprattus",2006.1,23038,19,0.663157894736842,12.6
"Scottish West Coast","Sprattus sprattus",2007.1,690.999,15,0.56,8.4
"Scottish West Coast","Sprattus sprattus",2008.1,1639.667,13,0.538461538461538,7
"Scottish West Coast","Sprattus sprattus",2009.1,8803,8,0.55,4.4
"Scottish West Coast","Sprattus sprattus",2010.1,3248,15,0.68,10.2
"Scottish West Coast","Squalus acanthias",1985.1,541.749,27,0.518518518518518,14
"Scottish West Coast","Squalus acanthias",1986.1,430.999,16,0.525,8.4
"Scottish West Coast","Squalus acanthias",1987.1,406.5,21,0.352380952380952,7.4
"Scottish West Coast","Squalus acanthias",1988.1,1201.25,9,0.422222222222222,3.8
"Scottish West Coast","Squalus acanthias",1989.1,294.666,13,0.480769230769231,6.25
"Scottish West Coast","Squalus acanthias",1990.1,377.002,16,0.4875,7.8
"Scottish West Coast","Squalus acanthias",1991.1,605.999,15,0.426666666666667,6.4
"Scottish West Coast","Squalus acanthias",1992.1,55.866,13,0.338461538461538,4.4
"Scottish West Coast","Squalus acanthias",1993.1,47.25,12,0.35,4.2
"Scottish West Coast","Squalus acanthias",1994.1,598.334,11,0.454545454545455,5
"Scottish West Coast","Squalus acanthias",1995.1,1038.5,5,0.36,1.8
"Scottish West Coast","Squalus acanthias",1996.1,64.5,8,0.425,3.4
"Scottish West Coast","Squalus acanthias",1997.1,8.5,6,0.366666666666667,2.2
"Scottish West Coast","Squalus acanthias",1998.1,177.166,13,0.384615384615385,5
"Scottish West Coast","Squalus acanthias",1999.1,218.573,10,0.46,4.6
"Scottish West Coast","Squalus acanthias",2000.1,35.734,9,0.333333333333333,3
"Scottish West Coast","Squalus acanthias",2001.1,98.5,12,0.366666666666667,4.4
"Scottish West Coast","Squalus acanthias",2002.1,60,11,0.309090909090909,3.4
"Scottish West Coast","Squalus acanthias",2003.1,361,10,0.34,3.4
"Scottish West Coast","Squalus acanthias",2004.1,23.667,9,0.244444444444444,2.2
"Scottish West Coast","Squalus acanthias",2005.1,26,8,0.275,2.2
"Scottish West Coast","Squalus acanthias",2006.1,54.001,12,0.4,4.8
"Scottish West Coast","Squalus acanthias",2007.1,60.4,14,0.314285714285714,4.4
"Scottish West Coast","Squalus acanthias",2008.1,92.667,10,0.4,4
"Scottish West Coast","Squalus acanthias",2009.1,50,8,0.425,3.4
"Scottish West Coast","Squalus acanthias",2010.1,1384.667,7,0.571428571428571,4
"Scottish West Coast","Trisopterus esmarkii",1985.1,42822.25,28,0.821428571428571,23
"Scottish West Coast","Trisopterus esmarkii",1986.1,15733.5,24,0.675,16.2
"Scottish West Coast","Trisopterus esmarkii",1987.1,50106,31,0.696774193548387,21.6
"Scottish West Coast","Trisopterus esmarkii",1988.1,24523.9,24,0.766666666666667,18.4
"Scottish West Coast","Trisopterus esmarkii",1989.1,17605.833,29,0.6,17.4
"Scottish West Coast","Trisopterus esmarkii",1990.1,37903.334,25,0.712,17.8
"Scottish West Coast","Trisopterus esmarkii",1991.1,42239.929,26,0.7,18.2
"Scottish West Coast","Trisopterus esmarkii",1992.1,49125.767,27,0.666666666666667,18
"Scottish West Coast","Trisopterus esmarkii",1993.1,47004.5,27,0.674074074074074,18.2
"Scottish West Coast","Trisopterus esmarkii",1994.1,101711.833,28,0.742857142857143,20.8
"Scottish West Coast","Trisopterus esmarkii",1995.1,25464.5,20,0.66,13.2
"Scottish West Coast","Trisopterus esmarkii",1996.1,48306.5,33,0.636363636363636,21
"Scottish West Coast","Trisopterus esmarkii",1997.1,117499.833,38,0.626315789473684,23.8
"Scottish West Coast","Trisopterus esmarkii",1998.1,144877.333,37,0.697297297297297,25.8
"Scottish West Coast","Trisopterus esmarkii",1999.1,58839.715,31,0.6,18.6
"Scottish West Coast","Trisopterus esmarkii",2000.1,98655.434,32,0.65,20.8
"Scottish West Coast","Trisopterus esmarkii",2001.1,96156.833,40,0.575,23
"Scottish West Coast","Trisopterus esmarkii",2002.1,50166.333,33,0.624242424242424,20.6
"Scottish West Coast","Trisopterus esmarkii",2003.1,26653.833,36,0.572222222222222,20.6
"Scottish West Coast","Trisopterus esmarkii",2004.1,24890.666,26,0.546153846153846,14.2
"Scottish West Coast","Trisopterus esmarkii",2005.1,9105,21,0.523809523809524,11
"Scottish West Coast","Trisopterus esmarkii",2006.1,5350.667,24,0.516666666666667,12.4
"Scottish West Coast","Trisopterus esmarkii",2007.1,28664.383,31,0.587096774193548,18.2
"Scottish West Coast","Trisopterus esmarkii",2008.1,11372.666,23,0.608695652173913,14
"Scottish West Coast","Trisopterus esmarkii",2009.1,39905.334,24,0.55,13.2
"Scottish West Coast","Trisopterus esmarkii",2010.1,145483.001,29,0.613793103448276,17.8
"Scottish West Coast","Trisopterus minutus",1985.1,2214.415,30,0.78,23.4
"Scottish West Coast","Trisopterus minutus",1986.1,478.998,26,0.615384615384615,16
"Scottish West Coast","Trisopterus minutus",1987.1,1018.5,30,0.646666666666667,19.4
"Scottish West Coast","Trisopterus minutus",1988.1,995.75,23,0.739130434782609,17
"Scottish West Coast","Trisopterus minutus",1989.1,509.667,28,0.635714285714286,17.8
"Scottish West Coast","Trisopterus minutus",1990.1,671.001,24,0.575,13.8
"Scottish West Coast","Trisopterus minutus",1991.1,1701.215,30,0.646666666666667,19.4
"Scottish West Coast","Trisopterus minutus",1992.1,3337.833,30,0.766666666666667,23
"Scottish West Coast","Trisopterus minutus",1993.1,2186.75,31,0.703225806451613,21.8
"Scottish West Coast","Trisopterus minutus",1994.1,2793.999,32,0.7375,23.6
"Scottish West Coast","Trisopterus minutus",1995.1,849.5,20,0.56,11.2
"Scottish West Coast","Trisopterus minutus",1996.1,973.75,29,0.579310344827586,16.8
"Scottish West Coast","Trisopterus minutus",1997.1,2269.333,44,0.672727272727273,29.6
"Scottish West Coast","Trisopterus minutus",1998.1,3840.5,41,0.760975609756098,31.2
"Scottish West Coast","Trisopterus minutus",1999.1,3483.858,42,0.595238095238095,25
"Scottish West Coast","Trisopterus minutus",2000.1,2958.635,38,0.710526315789474,27
"Scottish West Coast","Trisopterus minutus",2001.1,3992.334,38,0.647368421052632,24.6
"Scottish West Coast","Trisopterus minutus",2002.1,711.833,37,0.497297297297297,18.4
"Scottish West Coast","Trisopterus minutus",2003.1,2463.334,47,0.582978723404255,27.4
"Scottish West Coast","Trisopterus minutus",2004.1,3332.668,42,0.666666666666667,28
"Scottish West Coast","Trisopterus minutus",2005.1,2534,39,0.584615384615385,22.8
"Scottish West Coast","Trisopterus minutus",2006.1,3539,37,0.718918918918919,26.6
"Scottish West Coast","Trisopterus minutus",2007.1,6411.918,37,0.681081081081081,25.2
"Scottish West Coast","Trisopterus minutus",2008.1,5009.666,35,0.731428571428571,25.6
"Scottish West Coast","Trisopterus minutus",2009.1,4256.666,31,0.580645161290323,18
"Scottish West Coast","Trisopterus minutus",2010.1,2695.5,34,0.576470588235294,19.6
